event_id,lens_einstein_radius,lens_max_sep,lens_flux_ratio,src_pos_x_arcsec,src_pos_y_arcsec,lens_type_flag,is_subhalo,subhalo_frac,host_halo_type,host_halo_z,host_halo_mass,host_halo_x,host_halo_y,host_halo_e,host_halo_pa,host_halo_param,central_gal_type,central_gal_z,central_gal_mass,central_gal_x,central_gal_y,central_gal_e,central_gal_pa,central_gal_param,shear_type,shear_z,shear_mass,shear_x,shear_y,shear_e,shear_pa,shear_param,subhalo_type,subhalo_z,subhalo_mass,subhalo_x,subhalo_y,subhalo_e,subhalo_pa,subhalo_param,satellite_type,satellite_z,satellite_mass,satellite_x,satellite_y,satellite_e,satellite_pa,satellite_param
1900,0.2559668,0.4665725,1.0,-0.01564144,-0.04158291,0,False,-1.0,0,0.858,529476200000.0,0.0,0.0,0.3930145,82.94538,9.169277,1,0.858,10763220000.0,0.0,0.0,0.3880683,112.7861,0.06452054,2,0.858,3.07,0.0,0.0,0.07552417,70.12142,0.0,-1,-1.0,-1.0,-1.0,-1.0,-1.0,-1.0,-1.0,-1,-1.0,-1.0,-1.0,-1.0,-1.0,-1.0,-1.0
1901,5.995804,14.75293,1.0,0.7688658,1.110664,0,False,-1.0,0,0.599,309641400000000.0,0.0,0.0,0.6060594,65.85085,4.010411,1,0.599,693460900000.0,0.0,0.0,0.2581819,80.30873,1.280429,2,0.599,2.45,0.0,0.0,0.09954454,15.41351,0.0,-1,-1.0,-1.0,-1.0,-1.0,-1.0,-1.0,-1.0,-1,-1.0,-1.0,-1.0,-1.0,-1.0,-1.0,-1.0
1902,0.4031644,0.9292744,1.0,-0.01815153,-0.03861214,0,False,-1.0,0,1.402,2124649000000.0,0.0,0.0,0.3480769,-55.56652,4.754233,1,1.402,53447480000.0,0.0,0.0,0.1288459,-156.3724,0.08084818,2,1.402,3.8,0.0,0.0,0.1574072,-5.560948,0.0,-1,-1.0,-1.0,-1.0,-1.0,-1.0,-1.0,-1.0,-1,-1.0,-1.0,-1.0,-1.0,-1.0,-1.0,-1.0
1903,0.1013305,0.3412049,1.0,-0.01997844,0.008473447,0,False,-1.0,0,2.664,1074509000000.0,0.0,0.0,0.3354576,-141.4815,2.421564,1,2.664,16302910000.0,0.0,0.0,0.6138771,-175.0898,0.06492867,2,2.664,6.0,0.0,0.0,0.1237991,-9.30507,0.0,-1,-1.0,-1.0,-1.0,-1.0,-1.0,-1.0,-1.0,-1,-1.0,-1.0,-1.0,-1.0,-1.0,-1.0,-1.0
1904,0.6582096,1.783184,1.0,-0.0395475,-0.1300101,0,False,-1.0,0,0.217,3204766000000.0,0.0,0.0,0.2627641,160.0649,9.242947,1,0.217,64664120000.0,0.0,0.0,0.3928061,171.0266,0.4687586,2,0.217,5.35,0.0,0.0,0.1047756,-1.957231,0.0,-1,-1.0,-1.0,-1.0,-1.0,-1.0,-1.0,-1.0,-1,-1.0,-1.0,-1.0,-1.0,-1.0,-1.0,-1.0
1905,0.3141318,0.6125877,1.0,0.01412811,-0.00561053,0,False,-1.0,0,1.418,1045588000000.0,0.0,0.0,0.3431109,73.35596,4.557921,1,1.418,34960290000.0,0.0,0.0,0.09107066,69.27265,0.1166847,2,1.418,4.47,0.0,0.0,0.02017521,-103.2488,0.0,-1,-1.0,-1.0,-1.0,-1.0,-1.0,-1.0,-1.0,-1,-1.0,-1.0,-1.0,-1.0,-1.0,-1.0,-1.0
1906,0.8679677,2.206379,1.0,-0.006870483,0.02682976,0,False,-1.0,0,0.487,6672747000000.0,0.0,0.0,0.3093538,22.15176,9.206095,1,0.487,79260270000.0,0.0,0.0,0.2607783,15.75568,0.2433624,2,0.487,3.06,0.0,0.0,0.08498582,-107.4501,0.0,-1,-1.0,-1.0,-1.0,-1.0,-1.0,-1.0,-1.0,-1,-1.0,-1.0,-1.0,-1.0,-1.0,-1.0,-1.0
1907,1.051778,2.852334,1.0,0.1345984,-0.1207933,0,False,-1.0,0,2.914,6752591000000.0,0.0,0.0,0.1231638,-49.48158,4.031833,1,2.914,91444240000.0,0.0,0.0,0.1367948,-7.326503,0.0357443,2,2.914,20.37,0.0,0.0,0.1712706,127.4235,0.0,-1,-1.0,-1.0,-1.0,-1.0,-1.0,-1.0,-1.0,-1,-1.0,-1.0,-1.0,-1.0,-1.0,-1.0,-1.0
1908,0.4980127,1.147525,1.0,0.03776602,0.004001909,0,False,-1.0,0,1.437,1437424000000.0,0.0,0.0,0.09860059,128.7518,7.492223,1,1.437,44754850000.0,0.0,0.0,0.1998122,184.5782,0.1056587,2,1.437,9.44,0.0,0.0,0.09199535,28.33279,0.0,-1,-1.0,-1.0,-1.0,-1.0,-1.0,-1.0,-1.0,-1,-1.0,-1.0,-1.0,-1.0,-1.0,-1.0,-1.0
1909,1.150397,2.360923,1.0,0.003772951,0.1377878,0,False,-1.0,0,0.585,4193666000000.0,0.0,0.0,0.1934553,-82.32843,10.26557,1,0.585,76086000000.0,0.0,0.0,0.5967873,-113.6015,0.1061118,2,0.585,3.97,0.0,0.0,0.1468564,-114.6819,0.0,-1,-1.0,-1.0,-1.0,-1.0,-1.0,-1.0,-1.0,-1,-1.0,-1.0,-1.0,-1.0,-1.0,-1.0,-1.0
1910,0.5442891,1.533076,1.0,-0.02066181,0.07727849,0,False,-1.0,0,2.032,4297974000000.0,0.0,0.0,0.2281942,2.193723,5.471379,1,2.032,88310020000.0,0.0,0.0,0.3033237,17.78387,0.08776571,2,2.032,5.23,0.0,0.0,0.2140178,-70.86637,0.0,-1,-1.0,-1.0,-1.0,-1.0,-1.0,-1.0,-1.0,-1,-1.0,-1.0,-1.0,-1.0,-1.0,-1.0,-1.0
1911,0.3804568,0.710431,1.0,-0.03532954,0.01697873,0,False,-1.0,0,1.04,870653200000.0,0.0,0.0,0.4292313,111.6972,6.202855,1,1.04,18928190000.0,0.0,0.0,0.2426142,71.63009,0.03879391,2,1.04,8.12,0.0,0.0,0.1429166,-126.7746,0.0,-1,-1.0,-1.0,-1.0,-1.0,-1.0,-1.0,-1.0,-1,-1.0,-1.0,-1.0,-1.0,-1.0,-1.0,-1.0
1912,0.3507872,0.8565751,1.0,0.001651549,0.03344629,0,False,-1.0,0,0.673,579237300000.0,0.0,0.0,0.3199105,152.6825,6.670241,1,0.673,20859280000.0,0.0,0.0,0.2391852,141.6922,0.05116916,2,0.673,7.43,0.0,0.0,0.2126046,-100.7257,0.0,-1,-1.0,-1.0,-1.0,-1.0,-1.0,-1.0,-1.0,-1,-1.0,-1.0,-1.0,-1.0,-1.0,-1.0,-1.0
1913,1.277938,2.348315,1.0,0.03852282,-0.0551704,0,False,-1.0,0,0.686,14768390000000.0,0.0,0.0,0.2159009,117.876,4.18307,1,0.686,126690700000.0,0.0,0.0,0.545809,115.1919,0.09865971,2,0.686,5.97,0.0,0.0,0.0366373,-10.69473,0.0,-1,-1.0,-1.0,-1.0,-1.0,-1.0,-1.0,-1.0,-1,-1.0,-1.0,-1.0,-1.0,-1.0,-1.0,-1.0
1914,0.3593151,0.645859,1.0,-0.01258134,0.0463501,0,False,-1.0,0,1.725,1226769000000.0,0.0,0.0,0.1289389,63.71665,3.08628,1,1.725,26108790000.0,0.0,0.0,0.4521165,57.46456,0.02471095,2,1.725,10.89,0.0,0.0,0.09764852,-171.2516,0.0,-1,-1.0,-1.0,-1.0,-1.0,-1.0,-1.0,-1.0,-1,-1.0,-1.0,-1.0,-1.0,-1.0,-1.0,-1.0
1915,0.5099842,1.305957,1.0,-0.02697319,0.1034601,0,False,-1.0,0,1.044,2389602000000.0,0.0,0.0,0.2239816,98.35027,4.601435,1,1.044,81143430000.0,0.0,0.0,0.3656338,145.4178,0.09826744,2,1.044,3.37,0.0,0.0,0.1606235,108.0715,0.0,-1,-1.0,-1.0,-1.0,-1.0,-1.0,-1.0,-1.0,-1,-1.0,-1.0,-1.0,-1.0,-1.0,-1.0,-1.0
1916,0.3573908,1.128061,1.0,-0.08979415,-0.01699612,0,False,-1.0,0,0.92,1391188000000.0,0.0,0.0,0.4488102,166.1958,5.051952,1,0.92,55123680000.0,0.0,0.0,0.5813216,161.2577,0.1110823,2,0.92,6.47,0.0,0.0,0.08298611,-14.79239,0.0,-1,-1.0,-1.0,-1.0,-1.0,-1.0,-1.0,-1.0,-1,-1.0,-1.0,-1.0,-1.0,-1.0,-1.0,-1.0
1917,0.8520835,2.71645,1.0,0.2256319,0.06322306,0,False,-1.0,0,1.483,31799750000000.0,0.0,0.0,0.4928658,135.5233,5.267043,1,1.483,134591300000.0,0.0,0.0,0.2446057,173.642,0.04323505,2,1.483,2.66,0.0,0.0,0.111679,132.055,0.0,-1,-1.0,-1.0,-1.0,-1.0,-1.0,-1.0,-1.0,-1,-1.0,-1.0,-1.0,-1.0,-1.0,-1.0,-1.0
1918,0.4266386,0.8850065,1.0,0.002891938,0.03065646,0,False,-1.0,0,1.599,1372480000000.0,0.0,0.0,0.2095955,72.31963,7.26123,1,1.599,37706530000.0,0.0,0.0,0.2067796,47.98439,0.0484406,2,1.599,4.82,0.0,0.0,0.06970352,-146.2661,0.0,-1,-1.0,-1.0,-1.0,-1.0,-1.0,-1.0,-1.0,-1,-1.0,-1.0,-1.0,-1.0,-1.0,-1.0,-1.0
1919,1.222523,3.043914,1.0,0.08774725,0.01537883,0,False,-1.0,0,0.996,10240440000000.0,0.0,0.0,0.3865497,176.8166,6.672119,1,0.996,144545800000.0,0.0,0.0,0.1625891,190.2218,0.1653646,2,0.996,7.91,0.0,0.0,0.117508,108.5828,0.0,-1,-1.0,-1.0,-1.0,-1.0,-1.0,-1.0,-1.0,-1,-1.0,-1.0,-1.0,-1.0,-1.0,-1.0,-1.0
1920,0.1637788,0.393631,1.0,0.007546781,-0.01959609,0,False,-1.0,0,1.454,481101600000.0,0.0,0.0,0.3169102,19.57557,9.843217,1,1.454,7726915000.0,0.0,0.0,0.3409335,-19.03627,0.03214536,2,1.454,4.35,0.0,0.0,0.06385298,-125.6618,0.0,-1,-1.0,-1.0,-1.0,-1.0,-1.0,-1.0,-1.0,-1,-1.0,-1.0,-1.0,-1.0,-1.0,-1.0,-1.0
1921,0.4251965,0.9874737,1.0,0.005077802,0.03543354,0,False,-1.0,0,1.387,1113426000000.0,0.0,0.0,0.1660741,-98.65209,6.725349,1,1.387,40725270000.0,0.0,0.0,0.4241447,-145.8068,0.05047081,2,1.387,7.38,0.0,0.0,0.1010534,125.6251,0.0,-1,-1.0,-1.0,-1.0,-1.0,-1.0,-1.0,-1.0,-1,-1.0,-1.0,-1.0,-1.0,-1.0,-1.0,-1.0
1922,0.04718346,0.1098134,1.0,-8.353196e-05,0.01193912,0,False,-1.0,0,2.773,260344100000.0,0.0,0.0,0.4311533,-171.7185,4.013461,1,2.773,1303144000.0,0.0,0.0,0.5257937,-139.1389,0.02682255,2,2.773,10.89,0.0,0.0,0.04305336,53.0101,0.0,-1,-1.0,-1.0,-1.0,-1.0,-1.0,-1.0,-1.0,-1,-1.0,-1.0,-1.0,-1.0,-1.0,-1.0,-1.0
1923,0.2751441,0.7489796,1.0,-0.01924715,-0.002581451,0,False,-1.0,0,1.103,827907100000.0,0.0,0.0,0.3332723,15.35732,5.113631,1,1.103,25373410000.0,0.0,0.0,0.5233695,25.18484,0.05322248,2,1.103,9.93,0.0,0.0,0.04038174,60.95643,0.0,-1,-1.0,-1.0,-1.0,-1.0,-1.0,-1.0,-1.0,-1,-1.0,-1.0,-1.0,-1.0,-1.0,-1.0,-1.0
1924,7.769252,33.83766,1.0,-0.2528392,2.531584,0,False,-1.0,0,0.604,203035500000000.0,0.0,0.0,0.5163899,-8.329654,7.4091,1,0.604,557245500000.0,0.0,0.0,0.4074182,-46.40982,0.4463053,2,0.604,5.92,0.0,0.0,0.2438463,-23.78845,0.0,-1,-1.0,-1.0,-1.0,-1.0,-1.0,-1.0,-1.0,-1,-1.0,-1.0,-1.0,-1.0,-1.0,-1.0,-1.0
1925,0.6955846,1.585327,1.0,-0.07610295,-0.0143867,0,False,-1.0,0,1.332,2768158000000.0,0.0,0.0,0.2088475,-26.36699,9.666894,1,1.332,75266000000.0,0.0,0.0,0.294468,-39.30221,0.05607444,2,1.332,4.08,0.0,0.0,0.07615486,-165.2465,0.0,-1,-1.0,-1.0,-1.0,-1.0,-1.0,-1.0,-1.0,-1,-1.0,-1.0,-1.0,-1.0,-1.0,-1.0,-1.0
1926,1.213022,2.973111,1.0,-0.1637047,-0.1900915,0,False,-1.0,0,1.102,29216590000000.0,0.0,0.0,0.4167869,100.5145,3.726985,1,1.102,162365700000.0,0.0,0.0,0.3227176,39.93915,0.1088541,2,1.102,3.7,0.0,0.0,0.09529816,-90.43599,0.0,-1,-1.0,-1.0,-1.0,-1.0,-1.0,-1.0,-1.0,-1,-1.0,-1.0,-1.0,-1.0,-1.0,-1.0,-1.0
1927,0.7854121,2.091458,1.0,0.05036639,0.002593628,0,False,-1.0,0,0.632,2471310000000.0,0.0,0.0,0.1747915,62.83849,10.20963,1,0.632,70334750000.0,0.0,0.0,0.4232543,17.61966,0.03946554,2,0.632,6.97,0.0,0.0,0.1103255,-120.8117,0.0,-1,-1.0,-1.0,-1.0,-1.0,-1.0,-1.0,-1.0,-1,-1.0,-1.0,-1.0,-1.0,-1.0,-1.0,-1.0
1928,0.5806458,1.291073,1.0,-0.01833849,0.09129996,0,False,-1.0,0,0.876,1696298000000.0,0.0,0.0,0.3277243,39.46275,5.319751,1,0.876,70759220000.0,0.0,0.0,0.1480685,30.26668,0.102767,2,0.876,5.09,0.0,0.0,0.1328458,71.88167,0.0,-1,-1.0,-1.0,-1.0,-1.0,-1.0,-1.0,-1.0,-1,-1.0,-1.0,-1.0,-1.0,-1.0,-1.0,-1.0
1929,2.374195,6.096195,1.0,0.1643846,-0.4098125,0,False,-1.0,0,0.46,115620500000000.0,0.0,0.0,0.4579355,146.4739,4.986025,1,0.46,427672500000.0,0.0,0.0,0.4661127,173.6532,0.5022853,2,0.46,2.26,0.0,0.0,0.07642107,48.80084,0.0,-1,-1.0,-1.0,-1.0,-1.0,-1.0,-1.0,-1.0,-1,-1.0,-1.0,-1.0,-1.0,-1.0,-1.0,-1.0
1930,1.196939,3.031669,1.0,-0.121632,0.05505751,0,False,-1.0,0,1.054,7191650000000.0,0.0,0.0,0.1754082,-55.58956,8.822949,1,1.054,90478220000.0,0.0,0.0,0.1179917,-49.97796,0.1710807,2,1.054,5.01,0.0,0.0,0.1701578,98.9642,0.0,-1,-1.0,-1.0,-1.0,-1.0,-1.0,-1.0,-1.0,-1,-1.0,-1.0,-1.0,-1.0,-1.0,-1.0,-1.0
1931,1.199368,2.599581,1.0,0.001549519,0.3118147,0,False,-1.0,0,1.126,42799380000000.0,0.0,0.0,0.2700621,64.16357,2.204604,1,1.126,214892400000.0,0.0,0.0,0.3013042,74.29014,0.141641,2,1.126,3.21,0.0,0.0,0.1598041,-80.39485,0.0,-1,-1.0,-1.0,-1.0,-1.0,-1.0,-1.0,-1.0,-1,-1.0,-1.0,-1.0,-1.0,-1.0,-1.0,-1.0
1932,0.05824673,0.1962278,1.0,-0.009728036,0.003034603,0,False,-1.0,0,1.232,453764200000.0,0.0,0.0,0.1950276,4.393887,3.75032,1,1.232,5496923000.0,0.0,0.0,0.3460475,-11.06446,0.1604293,2,1.232,9.34,0.0,0.0,0.1685367,10.55188,0.0,-1,-1.0,-1.0,-1.0,-1.0,-1.0,-1.0,-1.0,-1,-1.0,-1.0,-1.0,-1.0,-1.0,-1.0,-1.0
1933,0.6161697,1.013706,1.0,0.001948203,-0.01100807,0,False,-1.0,0,0.944,5361005000000.0,0.0,0.0,0.4822318,-36.38739,2.879842,1,0.944,74313600000.0,0.0,0.0,0.5198985,-72.30325,0.148011,2,0.944,2.99,0.0,0.0,0.0281176,-113.7972,0.0,-1,-1.0,-1.0,-1.0,-1.0,-1.0,-1.0,-1.0,-1,-1.0,-1.0,-1.0,-1.0,-1.0,-1.0,-1.0
1934,0.6125117,1.270286,1.0,-0.0217325,0.02154972,0,False,-1.0,0,0.634,1061836000000.0,0.0,0.0,0.2513804,-47.89868,15.52888,1,0.634,52365280000.0,0.0,0.0,0.03623625,-104.3539,0.1253554,2,0.634,2.11,0.0,0.0,0.01900767,-61.64791,0.0,-1,-1.0,-1.0,-1.0,-1.0,-1.0,-1.0,-1.0,-1,-1.0,-1.0,-1.0,-1.0,-1.0,-1.0,-1.0
1935,0.1309912,0.3705699,1.0,-0.03505478,-0.00563063,0,False,-1.0,0,0.827,348110200000.0,0.0,0.0,0.05578345,-102.9244,6.359065,1,0.827,8899880000.0,0.0,0.0,0.5598554,-170.5829,0.0556673,2,0.827,3.91,0.0,0.0,0.01949591,-163.5,0.0,-1,-1.0,-1.0,-1.0,-1.0,-1.0,-1.0,-1.0,-1,-1.0,-1.0,-1.0,-1.0,-1.0,-1.0,-1.0
1936,0.377068,0.7597635,1.0,0.00547663,-0.07682495,0,False,-1.0,0,1.138,1150908000000.0,0.0,0.0,0.1253238,22.68723,3.543191,1,1.138,38806530000.0,0.0,0.0,0.3336657,39.12025,0.02889182,2,1.138,4.78,0.0,0.0,0.1049154,3.397078,0.0,-1,-1.0,-1.0,-1.0,-1.0,-1.0,-1.0,-1.0,-1,-1.0,-1.0,-1.0,-1.0,-1.0,-1.0,-1.0
1937,1.026008,2.18265,1.0,0.04907914,-0.08964504,0,False,-1.0,0,0.405,7483350000000.0,0.0,0.0,0.2787985,-38.62601,5.627048,1,0.405,106590600000.0,0.0,0.0,0.03142501,-70.23615,0.3040684,2,0.405,11.08,0.0,0.0,0.04366604,-47.54511,0.0,-1,-1.0,-1.0,-1.0,-1.0,-1.0,-1.0,-1.0,-1,-1.0,-1.0,-1.0,-1.0,-1.0,-1.0,-1.0
1938,1.291178,3.319126,1.0,-0.1452788,0.0577437,0,False,-1.0,0,0.431,3872903000000.0,0.0,0.0,0.3308454,-5.258126,20.99298,1,0.431,63017550000.0,0.0,0.0,0.2328085,45.65479,0.1660297,2,0.431,3.19,0.0,0.0,0.08659463,-151.9412,0.0,-1,-1.0,-1.0,-1.0,-1.0,-1.0,-1.0,-1.0,-1,-1.0,-1.0,-1.0,-1.0,-1.0,-1.0,-1.0
1939,0.2695912,0.7146466,1.0,0.01552057,0.1044877,0,False,-1.0,0,0.469,665482900000.0,0.0,0.0,0.2375878,8.83336,12.04156,1,0.469,21576090000.0,0.0,0.0,0.4778252,1.439415,0.1562114,2,0.469,2.29,0.0,0.0,0.124884,-8.867317,0.0,-1,-1.0,-1.0,-1.0,-1.0,-1.0,-1.0,-1.0,-1,-1.0,-1.0,-1.0,-1.0,-1.0,-1.0,-1.0
1940,0.4801558,1.038049,1.0,0.0001387829,-0.009861211,0,False,-1.0,0,0.852,3297330000000.0,0.0,0.0,0.4228462,99.64081,4.771954,1,0.852,69812850000.0,0.0,0.0,0.1270552,18.81509,0.1743853,2,0.852,2.53,0.0,0.0,0.001284597,-150.1597,0.0,-1,-1.0,-1.0,-1.0,-1.0,-1.0,-1.0,-1.0,-1,-1.0,-1.0,-1.0,-1.0,-1.0,-1.0,-1.0
1941,0.7377114,2.112632,1.0,-0.07843195,-0.0316612,0,False,-1.0,0,0.77,5781993000000.0,0.0,0.0,0.1651982,-153.7761,7.272824,1,0.77,76230360000.0,0.0,0.0,0.4457052,-134.2874,0.28238,2,0.77,4.26,0.0,0.0,0.1864816,29.14386,0.0,-1,-1.0,-1.0,-1.0,-1.0,-1.0,-1.0,-1.0,-1,-1.0,-1.0,-1.0,-1.0,-1.0,-1.0,-1.0
1942,0.3062509,0.6184862,1.0,0.01421857,0.01953108,0,False,-1.0,0,2.473,1105448000000.0,0.0,0.0,0.2942739,129.8965,5.759575,1,2.473,16944540000.0,0.0,0.0,0.03562749,82.55123,0.0222959,2,2.473,8.66,0.0,0.0,0.03751573,-84.05444,0.0,-1,-1.0,-1.0,-1.0,-1.0,-1.0,-1.0,-1.0,-1,-1.0,-1.0,-1.0,-1.0,-1.0,-1.0,-1.0
1943,10.14231,19.65648,1.0,-0.5426083,-1.844941,0,False,-1.0,0,0.631,320876100000000.0,0.0,0.0,0.4771729,-108.1897,5.564569,1,0.631,743610100000.0,0.0,0.0,0.3574625,-110.6682,0.7566295,2,0.631,2.24,0.0,0.0,0.0379857,131.0738,0.0,-1,-1.0,-1.0,-1.0,-1.0,-1.0,-1.0,-1.0,-1,-1.0,-1.0,-1.0,-1.0,-1.0,-1.0,-1.0
1944,0.623019,1.347122,1.0,0.07557925,0.01619123,0,False,-1.0,0,0.447,1451408000000.0,0.0,0.0,0.3013431,173.8154,8.266814,1,0.447,63404850000.0,0.0,0.0,0.3075979,223.8562,0.2352888,2,0.447,3.95,0.0,0.0,0.07489113,48.76519,0.0,-1,-1.0,-1.0,-1.0,-1.0,-1.0,-1.0,-1.0,-1,-1.0,-1.0,-1.0,-1.0,-1.0,-1.0,-1.0
1945,1.26445,3.163413,1.0,0.2087085,0.01635603,0,False,-1.0,0,0.777,8407202000000.0,0.0,0.0,0.390744,34.84657,10.32899,1,0.777,80953930000.0,0.0,0.0,0.1514645,9.986623,0.2511352,2,0.777,5.44,0.0,0.0,0.02216623,-177.6018,0.0,-1,-1.0,-1.0,-1.0,-1.0,-1.0,-1.0,-1.0,-1,-1.0,-1.0,-1.0,-1.0,-1.0,-1.0,-1.0
1946,0.1442749,0.3668731,1.0,0.000448248,0.07160361,0,False,-1.0,0,1.98,928072800000.0,0.0,0.0,0.2361583,-169.824,3.372782,1,1.98,14827930000.0,0.0,0.0,0.4290722,-142.2164,0.1129752,2,1.98,6.78,0.0,0.0,0.2141267,0.4298814,0.0,-1,-1.0,-1.0,-1.0,-1.0,-1.0,-1.0,-1.0,-1,-1.0,-1.0,-1.0,-1.0,-1.0,-1.0,-1.0
1947,0.9148318,1.434811,1.0,0.1305618,0.1088731,0,False,-1.0,0,0.581,1616172000000.0,0.0,0.0,0.4526171,124.7546,6.963459,1,0.581,75611480000.0,0.0,0.0,0.4903373,111.6751,0.112684,2,0.581,11.11,0.0,0.0,0.1426397,-12.26196,0.0,-1,-1.0,-1.0,-1.0,-1.0,-1.0,-1.0,-1.0,-1,-1.0,-1.0,-1.0,-1.0,-1.0,-1.0,-1.0
1948,0.5072906,1.163815,1.0,-0.06529752,0.1935493,0,False,-1.0,0,0.661,1743271000000.0,0.0,0.0,0.2249949,14.15835,5.462635,1,0.661,61710770000.0,0.0,0.0,0.4417755,27.72557,0.1415668,2,0.661,7.76,0.0,0.0,0.06589876,-169.149,0.0,-1,-1.0,-1.0,-1.0,-1.0,-1.0,-1.0,-1.0,-1,-1.0,-1.0,-1.0,-1.0,-1.0,-1.0,-1.0
1949,0.09106518,0.2850747,1.0,0.01162072,-0.0144674,0,False,-1.0,0,1.235,461130500000.0,0.0,0.0,0.2653273,164.2063,4.917487,1,1.235,6134487000.0,0.0,0.0,0.2518801,160.633,0.1156147,2,1.235,6.01,0.0,0.0,0.2154793,-0.2399736,0.0,-1,-1.0,-1.0,-1.0,-1.0,-1.0,-1.0,-1.0,-1,-1.0,-1.0,-1.0,-1.0,-1.0,-1.0,-1.0
1950,4.865199,9.512979,1.0,-0.3890821,-0.2804002,0,False,-1.0,0,0.304,131763600000000.0,0.0,0.0,0.3897792,72.9332,6.590531,1,0.304,552066200000.0,0.0,0.0,0.2780766,67.86033,1.70536,2,0.304,2.82,0.0,0.0,0.03829772,146.8252,0.0,-1,-1.0,-1.0,-1.0,-1.0,-1.0,-1.0,-1.0,-1,-1.0,-1.0,-1.0,-1.0,-1.0,-1.0,-1.0
1951,0.9701352,1.826382,1.0,-0.1108639,-0.08777166,0,False,-1.0,0,0.772,4279804000000.0,0.0,0.0,0.221563,-46.56195,10.98934,1,0.772,88525340000.0,0.0,0.0,0.4720117,-55.1837,0.1589948,2,0.772,3.01,0.0,0.0,0.01057684,87.70719,0.0,-1,-1.0,-1.0,-1.0,-1.0,-1.0,-1.0,-1.0,-1,-1.0,-1.0,-1.0,-1.0,-1.0,-1.0,-1.0
1952,0.5777087,1.353771,1.0,0.1152461,0.07056776,0,False,-1.0,0,1.047,4377287000000.0,0.0,0.0,0.4249075,-26.33626,5.88208,1,1.047,88042640000.0,0.0,0.0,0.3655655,-24.29591,0.1128871,2,1.047,3.53,0.0,0.0,0.05432611,-53.34754,0.0,-1,-1.0,-1.0,-1.0,-1.0,-1.0,-1.0,-1.0,-1,-1.0,-1.0,-1.0,-1.0,-1.0,-1.0,-1.0
1953,0.1176356,0.3018416,1.0,-0.008596558,-0.02937316,0,False,-1.0,0,2.408,936671500000.0,0.0,0.0,0.605101,-112.5288,3.553661,1,2.408,18055620000.0,0.0,0.0,0.2156965,-153.7525,0.103323,2,2.408,4.39,0.0,0.0,0.1371096,45.57529,0.0,-1,-1.0,-1.0,-1.0,-1.0,-1.0,-1.0,-1.0,-1,-1.0,-1.0,-1.0,-1.0,-1.0,-1.0,-1.0
1954,0.7488506,1.683647,1.0,0.1497517,-0.04736321,0,False,-1.0,0,0.533,2332860000000.0,0.0,0.0,0.2234898,103.7748,6.791261,1,0.533,60047510000.0,0.0,0.0,0.2022482,76.10023,0.1893524,2,0.533,8.13,0.0,0.0,0.2717282,-0.6618669,0.0,-1,-1.0,-1.0,-1.0,-1.0,-1.0,-1.0,-1.0,-1,-1.0,-1.0,-1.0,-1.0,-1.0,-1.0,-1.0
1955,2.781017,7.922073,1.0,-0.2452672,0.2606424,0,False,-1.0,0,1.027,66765260000000.0,0.0,0.0,0.4832151,166.203,5.176219,1,1.027,259346400000.0,0.0,0.0,0.1451917,192.9894,0.1066199,2,1.027,5.87,0.0,0.0,0.05944478,-97.55305,0.0,-1,-1.0,-1.0,-1.0,-1.0,-1.0,-1.0,-1.0,-1,-1.0,-1.0,-1.0,-1.0,-1.0,-1.0,-1.0
1956,0.5883185,1.427058,1.0,-0.1171225,-0.05613573,0,False,-1.0,0,0.642,1565497000000.0,0.0,0.0,0.3487606,18.02587,5.550455,1,0.642,52927490000.0,0.0,0.0,0.4539626,-45.88939,0.07307145,2,0.642,16.18,0.0,0.0,0.1792266,-11.49083,0.0,-1,-1.0,-1.0,-1.0,-1.0,-1.0,-1.0,-1.0,-1,-1.0,-1.0,-1.0,-1.0,-1.0,-1.0,-1.0
1957,1.289783,2.751682,1.0,-0.1624561,0.05794919,0,False,-1.0,0,0.502,9767008000000.0,0.0,0.0,0.2888152,-46.04266,5.446998,1,0.502,158352100000.0,0.0,0.0,0.3239027,-56.43079,0.1919959,2,0.502,4.61,0.0,0.0,0.08891958,-54.17614,0.0,-1,-1.0,-1.0,-1.0,-1.0,-1.0,-1.0,-1.0,-1,-1.0,-1.0,-1.0,-1.0,-1.0,-1.0,-1.0
1958,1.16292,3.088876,1.0,0.0514874,-0.02117024,0,False,-1.0,0,1.271,14274040000000.0,0.0,0.0,0.1974007,45.08128,5.782015,1,1.271,86881070000.0,0.0,0.0,0.2589528,61.12776,0.06056356,2,1.271,4.67,0.0,0.0,0.1775339,-165.4189,0.0,-1,-1.0,-1.0,-1.0,-1.0,-1.0,-1.0,-1.0,-1,-1.0,-1.0,-1.0,-1.0,-1.0,-1.0,-1.0
1959,0.1592263,0.3586791,1.0,-0.002209716,0.006648026,0,False,-1.0,0,2.977,630517100000.0,0.0,0.0,0.2100232,48.66282,2.591486,1,2.977,6019070000.0,0.0,0.0,0.2639442,84.0226,0.02036128,2,2.977,11.8,0.0,0.0,0.2591335,13.96075,0.0,-1,-1.0,-1.0,-1.0,-1.0,-1.0,-1.0,-1.0,-1,-1.0,-1.0,-1.0,-1.0,-1.0,-1.0,-1.0
1960,3.826617,7.379914,1.0,0.2834055,0.5299001,0,False,-1.0,0,0.37,39544070000000.0,0.0,0.0,0.5787287,-98.22601,8.643278,1,0.37,338237600000.0,0.0,0.0,0.1563181,-117.5683,0.587732,2,0.37,3.59,0.0,0.0,0.03944667,33.08586,0.0,-1,-1.0,-1.0,-1.0,-1.0,-1.0,-1.0,-1.0,-1,-1.0,-1.0,-1.0,-1.0,-1.0,-1.0,-1.0
1961,1.381326,3.927084,1.0,0.2675682,0.2874247,0,False,-1.0,0,0.498,26279750000000.0,0.0,0.0,0.5360206,-105.1906,4.93069,1,0.498,215544400000.0,0.0,0.0,0.4338712,-153.2869,0.4059049,2,0.498,3.83,0.0,0.0,0.106543,51.62393,0.0,-1,-1.0,-1.0,-1.0,-1.0,-1.0,-1.0,-1.0,-1,-1.0,-1.0,-1.0,-1.0,-1.0,-1.0,-1.0
1962,2.09621,5.914103,1.0,-0.03203239,0.2132036,0,False,-1.0,0,0.673,17502530000000.0,0.0,0.0,0.3027441,-73.16656,8.252864,1,0.673,175273700000.0,0.0,0.0,0.2829685,-31.80127,0.2764243,2,0.673,5.83,0.0,0.0,0.2308836,-39.90052,0.0,-1,-1.0,-1.0,-1.0,-1.0,-1.0,-1.0,-1.0,-1,-1.0,-1.0,-1.0,-1.0,-1.0,-1.0,-1.0
1963,1.590741,4.030817,1.0,-0.2227082,-0.3720793,0,False,-1.0,0,1.632,62751100000000.0,0.0,0.0,0.5300837,61.48864,4.11599,1,1.632,201942600000.0,0.0,0.0,0.2500617,73.92671,0.1092457,2,1.632,3.2,0.0,0.0,0.1077339,23.58167,0.0,-1,-1.0,-1.0,-1.0,-1.0,-1.0,-1.0,-1.0,-1,-1.0,-1.0,-1.0,-1.0,-1.0,-1.0,-1.0
1964,0.1054728,0.2561245,1.0,0.007447276,-0.01139021,0,False,-1.0,0,0.504,258217600000.0,0.0,0.0,0.2597537,-106.132,11.70198,1,0.504,4068969000.0,0.0,0.0,0.09348509,-64.1637,0.1827337,2,0.504,4.95,0.0,0.0,0.1242467,-87.33337,0.0,-1,-1.0,-1.0,-1.0,-1.0,-1.0,-1.0,-1.0,-1,-1.0,-1.0,-1.0,-1.0,-1.0,-1.0,-1.0
1965,10.03414,15.99664,1.0,1.068355,0.4745107,0,False,-1.0,0,1.316,117508800000000.0,0.0,0.0,0.5701284,-83.23818,4.761533,1,1.316,157973500000.0,0.0,0.0,0.5693207,-110.4741,0.05853126,2,1.316,12.94,0.0,0.0,0.06338591,46.19983,0.0,-1,-1.0,-1.0,-1.0,-1.0,-1.0,-1.0,-1.0,-1,-1.0,-1.0,-1.0,-1.0,-1.0,-1.0,-1.0
1966,5.091639,10.99268,1.0,0.2034763,0.1120657,0,False,-1.0,0,0.482,168456300000000.0,0.0,0.0,0.4368175,54.53978,5.26066,1,0.482,596618600000.0,0.0,0.0,0.4398285,94.04576,0.9106803,2,0.482,2.41,0.0,0.0,0.008297266,-22.99834,0.0,-1,-1.0,-1.0,-1.0,-1.0,-1.0,-1.0,-1.0,-1,-1.0,-1.0,-1.0,-1.0,-1.0,-1.0,-1.0
1967,0.6500153,1.186837,1.0,-0.09554537,-0.04684124,0,False,-1.0,0,1.268,3250944000000.0,0.0,0.0,0.4480947,120.6944,4.447363,1,1.268,66752190000.0,0.0,0.0,0.448003,120.2716,0.09604865,2,1.268,7.27,0.0,0.0,0.04382786,-27.68434,0.0,-1,-1.0,-1.0,-1.0,-1.0,-1.0,-1.0,-1.0,-1,-1.0,-1.0,-1.0,-1.0,-1.0,-1.0,-1.0
1968,0.9857304,2.433457,1.0,0.1338079,0.02666779,0,False,-1.0,0,1.337,6487487000000.0,0.0,0.0,0.2653019,153.3392,9.689225,1,1.337,95462700000.0,0.0,0.0,0.2604077,167.9212,0.05952604,2,1.337,4.04,0.0,0.0,0.08029901,16.93639,0.0,-1,-1.0,-1.0,-1.0,-1.0,-1.0,-1.0,-1.0,-1,-1.0,-1.0,-1.0,-1.0,-1.0,-1.0,-1.0
1969,0.3140943,0.6386185,1.0,-0.003913826,0.02734014,0,False,-1.0,0,0.833,1218235000000.0,0.0,0.0,0.1464998,-179.9037,6.67501,1,0.833,37665420000.0,0.0,0.0,0.2374961,-215.4097,0.07092556,2,0.833,1.73,0.0,0.0,0.05668913,-179.6234,0.0,-1,-1.0,-1.0,-1.0,-1.0,-1.0,-1.0,-1.0,-1,-1.0,-1.0,-1.0,-1.0,-1.0,-1.0,-1.0
1970,4.067012,9.89288,1.0,0.6586277,0.2568578,0,False,-1.0,0,0.536,102561600000000.0,0.0,0.0,0.2560186,79.47047,4.770425,1,0.536,431326500000.0,0.0,0.0,0.2999615,77.96294,1.198787,2,0.536,8.44,0.0,0.0,0.1450392,102.244,0.0,-1,-1.0,-1.0,-1.0,-1.0,-1.0,-1.0,-1.0,-1,-1.0,-1.0,-1.0,-1.0,-1.0,-1.0,-1.0
1971,1.189051,2.248804,1.0,0.07095223,0.1047156,0,False,-1.0,0,0.576,13927670000000.0,0.0,0.0,0.2483344,150.6963,5.910585,1,0.576,156434300000.0,0.0,0.0,0.3151712,120.0582,0.2423665,2,0.576,2.33,0.0,0.0,0.07819174,-171.3263,0.0,-1,-1.0,-1.0,-1.0,-1.0,-1.0,-1.0,-1.0,-1,-1.0,-1.0,-1.0,-1.0,-1.0,-1.0,-1.0
1972,0.4211308,0.8776351,1.0,0.008278655,-0.00359932,0,False,-1.0,0,0.779,1935100000000.0,0.0,0.0,0.4618438,-54.96386,5.24752,1,0.779,45398940000.0,0.0,0.0,0.1752614,-76.41633,0.2028334,2,0.779,2.98,0.0,0.0,0.06300125,140.8654,0.0,-1,-1.0,-1.0,-1.0,-1.0,-1.0,-1.0,-1.0,-1,-1.0,-1.0,-1.0,-1.0,-1.0,-1.0,-1.0
1973,2.950266,8.090231,1.0,0.3686886,0.0001817424,0,False,-1.0,0,0.481,55890860000000.0,0.0,0.0,0.2419765,-53.48414,6.98901,1,0.481,285996700000.0,0.0,0.0,0.3758536,-29.77751,0.414106,2,0.481,3.89,0.0,0.0,0.1258572,-29.98039,0.0,-1,-1.0,-1.0,-1.0,-1.0,-1.0,-1.0,-1.0,-1,-1.0,-1.0,-1.0,-1.0,-1.0,-1.0,-1.0
1974,3.410369,10.89709,1.0,-1.21858,-0.3687602,0,False,-1.0,0,1.102,61801790000000.0,0.0,0.0,0.3766186,131.7995,4.939927,1,1.102,159287000000.0,0.0,0.0,0.2453712,142.8774,0.1444251,2,1.102,9.35,0.0,0.0,0.1858113,-54.68076,0.0,-1,-1.0,-1.0,-1.0,-1.0,-1.0,-1.0,-1.0,-1,-1.0,-1.0,-1.0,-1.0,-1.0,-1.0,-1.0
1975,0.5645732,1.385781,1.0,0.07266924,-0.07967287,0,False,-1.0,0,0.366,2173553000000.0,0.0,0.0,0.1634092,30.42416,6.767716,1,0.366,61123170000.0,0.0,0.0,0.2553507,2.651645,0.3208755,2,0.366,5.24,0.0,0.0,0.1305539,0.2777689,0.0,-1,-1.0,-1.0,-1.0,-1.0,-1.0,-1.0,-1.0,-1,-1.0,-1.0,-1.0,-1.0,-1.0,-1.0,-1.0
1976,0.2413234,0.5368081,1.0,0.009919905,0.004696786,0,False,-1.0,0,2.401,1085589000000.0,0.0,0.0,0.176819,-68.44533,3.956441,1,2.401,17389220000.0,0.0,0.0,0.1048327,-47.28974,0.03962552,2,2.401,7.46,0.0,0.0,0.1082742,110.9711,0.0,-1,-1.0,-1.0,-1.0,-1.0,-1.0,-1.0,-1.0,-1,-1.0,-1.0,-1.0,-1.0,-1.0,-1.0,-1.0
1977,1.807422,4.400125,1.0,0.1972214,-0.03601448,0,False,-1.0,0,0.403,8098940000000.0,0.0,0.0,0.1775867,-137.4334,13.42605,1,0.403,116052900000.0,0.0,0.0,0.3489199,-117.0648,0.4747523,2,0.403,8.76,0.0,0.0,0.1556267,-156.0995,0.0,-1,-1.0,-1.0,-1.0,-1.0,-1.0,-1.0,-1.0,-1,-1.0,-1.0,-1.0,-1.0,-1.0,-1.0,-1.0
1978,0.3758053,0.7983864,1.0,-0.02760341,0.01099724,0,False,-1.0,0,0.293,471329500000.0,0.0,0.0,0.1459331,103.4521,16.95755,1,0.293,14121890000.0,0.0,0.0,0.5941617,52.18517,0.1368033,2,0.293,3.32,0.0,0.0,0.05271842,128.5253,0.0,-1,-1.0,-1.0,-1.0,-1.0,-1.0,-1.0,-1.0,-1,-1.0,-1.0,-1.0,-1.0,-1.0,-1.0,-1.0
1979,6.034358,15.27879,1.0,-0.5608067,-0.3725575,0,False,-1.0,0,0.778,85362620000000.0,0.0,0.0,0.211093,-51.69911,7.978501,1,0.778,347484600000.0,0.0,0.0,0.278031,-54.29609,0.275898,2,0.778,4.56,0.0,0.0,0.1540898,-28.3159,0.0,-1,-1.0,-1.0,-1.0,-1.0,-1.0,-1.0,-1.0,-1,-1.0,-1.0,-1.0,-1.0,-1.0,-1.0,-1.0
1980,5.019139,10.99571,1.0,0.5392385,0.4429532,0,False,-1.0,0,0.944,77718570000000.0,0.0,0.0,0.0976815,-1.859857,6.615453,1,0.944,303444700000.0,0.0,0.0,0.2657405,-0.07957083,0.2857374,2,0.944,7.0,0.0,0.0,0.1090755,131.0194,0.0,-1,-1.0,-1.0,-1.0,-1.0,-1.0,-1.0,-1.0,-1,-1.0,-1.0,-1.0,-1.0,-1.0,-1.0,-1.0
1981,0.2800113,0.7379436,1.0,-0.03533648,0.03921873,0,False,-1.0,0,0.712,2447657000000.0,0.0,0.0,0.3194859,-94.70164,3.717858,1,0.712,48269940000.0,0.0,0.0,0.5854733,-149.5147,0.2856505,2,0.712,3.83,0.0,0.0,0.07571319,125.649,0.0,-1,-1.0,-1.0,-1.0,-1.0,-1.0,-1.0,-1.0,-1,-1.0,-1.0,-1.0,-1.0,-1.0,-1.0,-1.0
1982,0.4562498,0.9036278,1.0,-0.04372076,0.03687694,0,False,-1.0,0,1.307,1038057000000.0,0.0,0.0,0.2455614,65.24298,7.18502,1,1.307,39907100000.0,0.0,0.0,0.243345,54.40126,0.1274061,2,1.307,7.82,0.0,0.0,0.08334667,-93.48714,0.0,-1,-1.0,-1.0,-1.0,-1.0,-1.0,-1.0,-1.0,-1,-1.0,-1.0,-1.0,-1.0,-1.0,-1.0,-1.0
1983,0.9281804,1.441253,1.0,-0.03115651,-0.02431471,0,False,-1.0,0,0.254,2699110000000.0,0.0,0.0,0.3630785,-98.71377,4.932757,1,0.254,64552250000.0,0.0,0.0,0.371075,-108.5727,0.2810935,2,0.254,9.44,0.0,0.0,0.138253,-22.53375,0.0,-1,-1.0,-1.0,-1.0,-1.0,-1.0,-1.0,-1.0,-1,-1.0,-1.0,-1.0,-1.0,-1.0,-1.0,-1.0
1984,1.23265,2.74828,1.0,0.2264524,-0.07934002,0,False,-1.0,0,0.52,6106658000000.0,0.0,0.0,0.4475043,-176.873,9.586348,1,0.52,88306110000.0,0.0,0.0,0.2974684,-102.5521,0.09993419,2,0.52,5.11,0.0,0.0,0.1024448,-42.81594,0.0,-1,-1.0,-1.0,-1.0,-1.0,-1.0,-1.0,-1.0,-1,-1.0,-1.0,-1.0,-1.0,-1.0,-1.0,-1.0
1985,0.05994991,0.1613811,1.0,-0.00504123,0.01075193,0,False,-1.0,0,1.557,272300800000.0,0.0,0.0,0.3721034,46.80656,4.392782,1,1.557,2152661000.0,0.0,0.0,0.2034501,7.587478,0.04807534,2,1.557,7.13,0.0,0.0,0.1973476,1.461072,0.0,-1,-1.0,-1.0,-1.0,-1.0,-1.0,-1.0,-1.0,-1,-1.0,-1.0,-1.0,-1.0,-1.0,-1.0,-1.0
1986,0.4374701,0.8046764,1.0,0.007794205,-0.05994345,0,False,-1.0,0,0.792,2025381000000.0,0.0,0.0,0.1046854,82.70645,5.150105,1,0.792,44925180000.0,0.0,0.0,0.4367705,114.8835,0.2053422,2,0.792,3.12,0.0,0.0,0.04880803,-90.68149,0.0,-1,-1.0,-1.0,-1.0,-1.0,-1.0,-1.0,-1.0,-1,-1.0,-1.0,-1.0,-1.0,-1.0,-1.0,-1.0
1987,1.558632,3.93535,1.0,0.2232079,-0.06137561,0,False,-1.0,0,1.931,25453520000000.0,0.0,0.0,0.2164852,110.7893,6.325376,1,1.931,86165600000.0,0.0,0.0,0.4876087,141.6934,0.04736343,2,1.931,4.32,0.0,0.0,0.1265841,98.29258,0.0,-1,-1.0,-1.0,-1.0,-1.0,-1.0,-1.0,-1.0,-1,-1.0,-1.0,-1.0,-1.0,-1.0,-1.0,-1.0
1988,0.1347074,0.2916983,1.0,-0.006242437,-0.006307765,0,False,-1.0,0,1.104,305198400000.0,0.0,0.0,0.3467439,-119.4451,3.910023,1,1.104,4567886000.0,0.0,0.0,0.01744664,-170.648,0.02075734,2,1.104,5.98,0.0,0.0,0.1025582,-86.35753,0.0,-1,-1.0,-1.0,-1.0,-1.0,-1.0,-1.0,-1.0,-1,-1.0,-1.0,-1.0,-1.0,-1.0,-1.0,-1.0
1989,1.883461,3.359086,1.0,0.2188455,-0.08607924,0,False,-1.0,0,1.08,24767330000000.0,0.0,0.0,0.4619816,-80.63418,4.85067,1,1.08,136253500000.0,0.0,0.0,0.2424724,-87.15949,0.08591795,2,1.08,5.58,0.0,0.0,0.1371447,35.83421,0.0,-1,-1.0,-1.0,-1.0,-1.0,-1.0,-1.0,-1.0,-1,-1.0,-1.0,-1.0,-1.0,-1.0,-1.0,-1.0
1990,0.5786701,1.179994,1.0,-0.01208045,0.1033685,0,False,-1.0,0,0.868,1810364000000.0,0.0,0.0,0.3294489,32.00848,7.1579,1,0.868,59000690000.0,0.0,0.0,0.2120835,49.08554,0.1121378,2,0.868,4.39,0.0,0.0,0.08499395,-142.1804,0.0,-1,-1.0,-1.0,-1.0,-1.0,-1.0,-1.0,-1.0,-1,-1.0,-1.0,-1.0,-1.0,-1.0,-1.0,-1.0
1991,0.748896,1.67276,1.0,0.02522897,0.0241137,0,False,-1.0,0,1.756,3376098000000.0,0.0,0.0,0.3315402,32.99585,5.318011,1,1.756,81187280000.0,0.0,0.0,0.2278904,80.75843,0.04494823,2,1.756,6.9,0.0,0.0,0.1412236,63.26258,0.0,-1,-1.0,-1.0,-1.0,-1.0,-1.0,-1.0,-1.0,-1,-1.0,-1.0,-1.0,-1.0,-1.0,-1.0,-1.0
1992,1.472948,3.038118,1.0,-0.02854201,-0.1861055,0,False,-1.0,0,1.425,24718760000000.0,0.0,0.0,0.157891,-83.7506,3.05646,1,1.425,109564300000.0,0.0,0.0,0.427115,-92.82612,0.09530121,2,1.425,9.91,0.0,0.0,0.1203063,89.51867,0.0,-1,-1.0,-1.0,-1.0,-1.0,-1.0,-1.0,-1.0,-1,-1.0,-1.0,-1.0,-1.0,-1.0,-1.0,-1.0
1993,1.575912,4.12065,1.0,-0.2423171,-0.3251395,0,False,-1.0,0,0.823,29627020000000.0,0.0,0.0,0.2706674,167.6419,6.333748,1,0.823,144112500000.0,0.0,0.0,0.07198952,177.0127,0.2975781,2,0.823,3.43,0.0,0.0,0.1546688,-56.75576,0.0,-1,-1.0,-1.0,-1.0,-1.0,-1.0,-1.0,-1.0,-1,-1.0,-1.0,-1.0,-1.0,-1.0,-1.0,-1.0
1994,0.1460593,0.2523552,1.0,-0.0001557091,-0.01637206,0,False,-1.0,0,2.186,678955600000.0,0.0,0.0,0.2024085,88.13125,4.49175,1,2.186,8241057000.0,0.0,0.0,0.1910671,59.88128,0.02645657,2,2.186,4.86,0.0,0.0,0.1447045,-8.827271,0.0,-1,-1.0,-1.0,-1.0,-1.0,-1.0,-1.0,-1.0,-1,-1.0,-1.0,-1.0,-1.0,-1.0,-1.0,-1.0
1995,9.273782,35.44791,1.0,-1.955659,-0.5709227,0,False,-1.0,0,0.478,332880700000000.0,0.0,0.0,0.6703701,13.63286,8.040703,1,0.478,767888700000.0,0.0,0.0,0.2666114,39.14306,1.715314,2,0.478,4.33,0.0,0.0,0.1900496,-107.5471,0.0,-1,-1.0,-1.0,-1.0,-1.0,-1.0,-1.0,-1.0,-1,-1.0,-1.0,-1.0,-1.0,-1.0,-1.0,-1.0
1996,0.5432794,1.195277,1.0,-0.1117421,-0.005036774,0,False,-1.0,0,0.874,3810522000000.0,0.0,0.0,0.002230074,173.5546,2.742359,1,0.874,66701240000.0,0.0,0.0,0.3654686,137.7884,0.1040028,2,0.874,6.26,0.0,0.0,0.1882017,82.39916,0.0,-1,-1.0,-1.0,-1.0,-1.0,-1.0,-1.0,-1.0,-1,-1.0,-1.0,-1.0,-1.0,-1.0,-1.0,-1.0
1997,0.9490272,1.939908,1.0,-0.2427818,0.6398355,0,False,-1.0,0,0.875,11426350000000.0,0.0,0.0,0.4409283,-155.6747,6.220457,1,0.875,119737700000.0,0.0,0.0,0.02765674,-122.6737,0.1933136,2,0.875,3.13,0.0,0.0,0.1628752,-155.9189,0.0,-1,-1.0,-1.0,-1.0,-1.0,-1.0,-1.0,-1.0,-1,-1.0,-1.0,-1.0,-1.0,-1.0,-1.0,-1.0
1998,0.7550246,1.572733,1.0,0.03082046,0.2583272,0,False,-1.0,0,0.354,1587884000000.0,0.0,0.0,0.3649613,81.20746,8.359292,1,0.354,63098450000.0,0.0,0.0,0.3548559,70.14051,0.3763601,2,0.354,5.6,0.0,0.0,0.1531829,-85.53155,0.0,-1,-1.0,-1.0,-1.0,-1.0,-1.0,-1.0,-1.0,-1,-1.0,-1.0,-1.0,-1.0,-1.0,-1.0,-1.0
1999,0.8569013,1.357708,1.0,0.02516525,0.001309042,0,False,-1.0,0,0.454,2912929000000.0,0.0,0.0,0.2112161,60.66493,3.729403,1,0.454,68049140000.0,0.0,0.0,0.527085,74.90966,0.1692653,2,0.454,3.62,0.0,0.0,0.06329027,-90.04048,0.0,-1,-1.0,-1.0,-1.0,-1.0,-1.0,-1.0,-1.0,-1,-1.0,-1.0,-1.0,-1.0,-1.0,-1.0,-1.0
2000,0.8834098,2.099513,1.0,-0.06514126,0.1774429,0,False,-1.0,0,0.41,5571655000000.0,0.0,0.0,0.320318,-42.30522,5.507112,1,0.41,80555050000.0,0.0,0.0,0.2854863,-41.19426,0.1008456,2,0.41,4.79,0.0,0.0,0.1354175,96.70856,0.0,-1,-1.0,-1.0,-1.0,-1.0,-1.0,-1.0,-1.0,-1,-1.0,-1.0,-1.0,-1.0,-1.0,-1.0,-1.0
2001,0.5398055,1.131053,1.0,0.006911613,-0.03604965,0,False,-1.0,0,0.961,1667294000000.0,0.0,0.0,0.243325,74.34067,5.760227,1,0.961,43246290000.0,0.0,0.0,0.3038874,126.1521,0.08153923,2,0.961,8.33,0.0,0.0,0.1415622,-159.2336,0.0,-1,-1.0,-1.0,-1.0,-1.0,-1.0,-1.0,-1.0,-1,-1.0,-1.0,-1.0,-1.0,-1.0,-1.0,-1.0
2002,0.2270978,0.5744663,1.0,-0.01608159,-0.002459064,0,False,-1.0,0,0.793,732181600000.0,0.0,0.0,0.3293461,111.0647,6.392746,1,0.793,24457870000.0,0.0,0.0,0.5467425,142.2615,0.06099164,2,0.793,1.83,0.0,0.0,0.0791005,-29.33733,0.0,-1,-1.0,-1.0,-1.0,-1.0,-1.0,-1.0,-1.0,-1,-1.0,-1.0,-1.0,-1.0,-1.0,-1.0,-1.0
2003,1.699209,2.807879,1.0,0.1289814,-0.07933275,0,False,-1.0,0,0.756,17523750000000.0,0.0,0.0,0.3507971,56.21895,5.95817,1,0.756,199317500000.0,0.0,0.0,0.4960418,97.80588,0.1430071,2,0.756,2.42,0.0,0.0,0.05895438,25.66189,0.0,-1,-1.0,-1.0,-1.0,-1.0,-1.0,-1.0,-1.0,-1,-1.0,-1.0,-1.0,-1.0,-1.0,-1.0,-1.0
2004,0.8655686,1.538908,1.0,-0.1480496,-0.03076408,0,False,-1.0,0,2.048,3404992000000.0,0.0,0.0,0.319808,-72.93138,4.328618,1,2.048,96799650000.0,0.0,0.0,0.4432837,-82.91059,0.03347794,2,2.048,6.69,0.0,0.0,0.169011,117.5577,0.0,-1,-1.0,-1.0,-1.0,-1.0,-1.0,-1.0,-1.0,-1,-1.0,-1.0,-1.0,-1.0,-1.0,-1.0,-1.0
2005,1.190997,3.19557,1.0,0.3520221,-0.01862553,0,False,-1.0,0,0.379,5238232000000.0,0.0,0.0,0.1655864,-175.0835,10.28837,1,0.379,140735500000.0,0.0,0.0,0.2134187,-168.8636,0.2640333,2,0.379,3.14,0.0,0.0,0.1576728,-4.923645,0.0,-1,-1.0,-1.0,-1.0,-1.0,-1.0,-1.0,-1.0,-1,-1.0,-1.0,-1.0,-1.0,-1.0,-1.0,-1.0
2006,0.3319391,0.5431126,1.0,0.01647175,0.07155922,0,False,-1.0,0,1.004,1358398000000.0,0.0,0.0,0.216265,-75.16949,2.700523,1,1.004,38208900000.0,0.0,0.0,0.5045753,-105.7697,0.1231302,2,1.004,2.19,0.0,0.0,0.06987418,96.39862,0.0,-1,-1.0,-1.0,-1.0,-1.0,-1.0,-1.0,-1.0,-1,-1.0,-1.0,-1.0,-1.0,-1.0,-1.0,-1.0
2007,2.034221,5.116887,1.0,0.2640793,-0.1266494,0,False,-1.0,0,0.258,22943930000000.0,0.0,0.0,0.3719624,-153.335,8.62344,1,0.258,224538600000.0,0.0,0.0,0.2933344,-150.5705,0.2921216,2,0.258,4.31,0.0,0.0,0.08680362,-9.761109,0.0,-1,-1.0,-1.0,-1.0,-1.0,-1.0,-1.0,-1.0,-1,-1.0,-1.0,-1.0,-1.0,-1.0,-1.0,-1.0
2008,1.373781,3.217679,1.0,0.2383941,0.06290739,0,False,-1.0,0,0.723,13152130000000.0,0.0,0.0,0.193406,9.39124,6.141685,1,0.723,152944900000.0,0.0,0.0,0.01320878,48.46362,0.1348853,2,0.723,5.65,0.0,0.0,0.06896234,-159.4278,0.0,-1,-1.0,-1.0,-1.0,-1.0,-1.0,-1.0,-1.0,-1,-1.0,-1.0,-1.0,-1.0,-1.0,-1.0,-1.0
2009,0.09636018,0.2385155,1.0,0.01104835,-0.00818195,0,False,-1.0,0,1.717,418591000000.0,0.0,0.0,0.2409634,19.14173,2.784981,1,1.717,4622419000.0,0.0,0.0,0.3228999,1.240963,0.02152268,2,1.717,6.66,0.0,0.0,0.08118234,-12.03224,0.0,-1,-1.0,-1.0,-1.0,-1.0,-1.0,-1.0,-1.0,-1,-1.0,-1.0,-1.0,-1.0,-1.0,-1.0,-1.0
2010,0.5097647,1.120859,1.0,0.0336665,-0.01715597,0,False,-1.0,0,0.659,2059555000000.0,0.0,0.0,0.2564828,49.67688,4.945637,1,0.659,50395560000.0,0.0,0.0,0.1335186,62.68294,0.2488229,2,0.659,9.65,0.0,0.0,0.1385689,-90.3571,0.0,-1,-1.0,-1.0,-1.0,-1.0,-1.0,-1.0,-1.0,-1,-1.0,-1.0,-1.0,-1.0,-1.0,-1.0,-1.0
2011,2.162882,7.165962,1.0,-0.230618,-1.284273,0,False,-1.0,0,1.389,48694930000000.0,0.0,0.0,0.565572,10.98117,4.482899,1,1.389,172977000000.0,0.0,0.0,0.4652938,27.95642,0.05851741,2,1.389,11.25,0.0,0.0,0.1423125,138.7126,0.0,-1,-1.0,-1.0,-1.0,-1.0,-1.0,-1.0,-1.0,-1,-1.0,-1.0,-1.0,-1.0,-1.0,-1.0,-1.0
2012,1.079252,2.56129,1.0,0.1155945,-0.05403041,0,False,-1.0,0,1.843,11572770000000.0,0.0,0.0,0.3458022,-131.8509,4.271053,1,1.843,92761520000.0,0.0,0.0,0.2834474,-114.3119,0.03298089,2,1.843,7.97,0.0,0.0,0.1697115,178.3909,0.0,-1,-1.0,-1.0,-1.0,-1.0,-1.0,-1.0,-1.0,-1,-1.0,-1.0,-1.0,-1.0,-1.0,-1.0,-1.0
2013,2.224328,8.462025,1.0,1.304123,-1.502512,0,False,-1.0,0,0.907,40359730000000.0,0.0,0.0,0.5855034,8.46645,6.732611,1,0.907,232131700000.0,0.0,0.0,0.6904359,10.46587,0.1042614,2,0.907,10.47,0.0,0.0,0.2036906,53.41798,0.0,-1,-1.0,-1.0,-1.0,-1.0,-1.0,-1.0,-1.0,-1,-1.0,-1.0,-1.0,-1.0,-1.0,-1.0,-1.0
2014,0.4295771,0.9118227,1.0,0.01516954,0.08134584,0,False,-1.0,0,0.665,1566877000000.0,0.0,0.0,0.004994316,-153.5956,4.070529,1,0.665,41294910000.0,0.0,0.0,0.1930809,-145.3056,0.1301333,2,0.665,4.73,0.0,0.0,0.1616391,179.3685,0.0,-1,-1.0,-1.0,-1.0,-1.0,-1.0,-1.0,-1.0,-1,-1.0,-1.0,-1.0,-1.0,-1.0,-1.0,-1.0
2015,4.037509,9.548223,1.0,-0.7743968,0.2695962,0,False,-1.0,0,0.557,142057500000000.0,0.0,0.0,0.3503901,96.74059,4.431485,1,0.557,286382100000.0,0.0,0.0,0.2794018,158.5627,0.2228171,2,0.557,4.99,0.0,0.0,0.06288875,-91.61379,0.0,-1,-1.0,-1.0,-1.0,-1.0,-1.0,-1.0,-1.0,-1,-1.0,-1.0,-1.0,-1.0,-1.0,-1.0,-1.0
2016,3.307744,6.455929,1.0,0.7997012,0.332665,0,False,-1.0,0,0.922,21619620000000.0,0.0,0.0,0.5818666,-84.44693,9.099794,1,0.922,159644600000.0,0.0,0.0,0.3644354,-111.6189,0.1923437,2,0.922,3.92,0.0,0.0,0.1694454,78.99175,0.0,-1,-1.0,-1.0,-1.0,-1.0,-1.0,-1.0,-1.0,-1,-1.0,-1.0,-1.0,-1.0,-1.0,-1.0,-1.0
2017,3.588168,5.694729,1.0,-0.4747131,-0.2640674,0,False,-1.0,0,0.726,61321410000000.0,0.0,0.0,0.4960539,81.68937,5.256668,1,0.726,326906200000.0,0.0,0.0,0.1123044,75.30548,0.5718174,2,0.726,5.0,0.0,0.0,0.06336355,-4.500043,0.0,-1,-1.0,-1.0,-1.0,-1.0,-1.0,-1.0,-1.0,-1,-1.0,-1.0,-1.0,-1.0,-1.0,-1.0,-1.0
2018,3.781184,9.082902,1.0,-0.5528842,-0.1458296,0,False,-1.0,0,0.802,60282720000000.0,0.0,0.0,0.5529399,-111.8342,5.339053,1,0.802,178341900000.0,0.0,0.0,0.306948,-148.9036,0.1240742,2,0.802,11.83,0.0,0.0,0.215206,-53.8788,0.0,-1,-1.0,-1.0,-1.0,-1.0,-1.0,-1.0,-1.0,-1,-1.0,-1.0,-1.0,-1.0,-1.0,-1.0,-1.0
2019,0.4963454,1.154317,1.0,-0.07941792,-0.03839734,0,False,-1.0,0,0.603,2551862000000.0,0.0,0.0,0.2997632,149.5349,5.327614,1,0.603,49189180000.0,0.0,0.0,0.2997667,228.0529,0.228474,2,0.603,5.16,0.0,0.0,0.1363701,5.140485,0.0,-1,-1.0,-1.0,-1.0,-1.0,-1.0,-1.0,-1.0,-1,-1.0,-1.0,-1.0,-1.0,-1.0,-1.0,-1.0
2020,0.5800219,1.08518,1.0,0.004925507,0.05552544,0,False,-1.0,0,0.505,1833426000000.0,0.0,0.0,0.3150335,-30.69089,5.86322,1,0.505,52567130000.0,0.0,0.0,0.3742393,-50.11779,0.07844594,2,0.505,2.26,0.0,0.0,0.01253966,161.6117,0.0,-1,-1.0,-1.0,-1.0,-1.0,-1.0,-1.0,-1.0,-1,-1.0,-1.0,-1.0,-1.0,-1.0,-1.0,-1.0
2021,2.026751,5.516723,1.0,0.307416,0.2881196,0,False,-1.0,0,1.016,46624190000000.0,0.0,0.0,0.3793505,116.6791,4.262146,1,1.016,367607200000.0,0.0,0.0,0.4580981,21.46562,0.2302535,2,1.016,4.41,0.0,0.0,0.08566179,-58.8144,0.0,-1,-1.0,-1.0,-1.0,-1.0,-1.0,-1.0,-1.0,-1,-1.0,-1.0,-1.0,-1.0,-1.0,-1.0,-1.0
2022,0.03068532,0.1065833,1.0,-0.00308215,0.007858793,0,False,-1.0,0,1.972,164885500000.0,0.0,0.0,0.239512,6.504063,4.241619,1,1.972,575453700.0,0.0,0.0,0.4859766,-10.59466,0.01394141,2,1.972,9.99,0.0,0.0,0.2331618,1.428869,0.0,-1,-1.0,-1.0,-1.0,-1.0,-1.0,-1.0,-1.0,-1,-1.0,-1.0,-1.0,-1.0,-1.0,-1.0,-1.0
2023,1.488755,3.455734,1.0,-0.003219513,0.6060087,0,False,-1.0,0,0.69,16498470000000.0,0.0,0.0,0.2914554,6.019004,7.218003,1,0.69,109927100000.0,0.0,0.0,0.172496,82.9041,0.1045983,2,0.69,4.55,0.0,0.0,0.1642099,-13.10765,0.0,-1,-1.0,-1.0,-1.0,-1.0,-1.0,-1.0,-1.0,-1,-1.0,-1.0,-1.0,-1.0,-1.0,-1.0,-1.0
2024,1.017276,2.703688,1.0,-0.09046913,0.09015662,0,False,-1.0,0,1.493,8889385000000.0,0.0,0.0,0.4239509,-51.64811,6.41709,1,1.493,122952300000.0,0.0,0.0,0.3597746,-106.8398,0.1923799,2,1.493,4.07,0.0,0.0,0.198043,146.3452,0.0,-1,-1.0,-1.0,-1.0,-1.0,-1.0,-1.0,-1.0,-1,-1.0,-1.0,-1.0,-1.0,-1.0,-1.0,-1.0
2025,0.4382576,1.058343,1.0,0.0411963,-0.01086321,0,False,-1.0,0,0.649,871478200000.0,0.0,0.0,0.3572486,76.69355,4.264673,1,0.649,52579000000.0,0.0,0.0,0.338102,12.31076,0.09419754,2,0.649,4.27,0.0,0.0,0.1165144,99.0322,0.0,-1,-1.0,-1.0,-1.0,-1.0,-1.0,-1.0,-1.0,-1,-1.0,-1.0,-1.0,-1.0,-1.0,-1.0,-1.0
2026,1.322647,4.778306,1.0,0.1518811,0.004027179,0,False,-1.0,0,1.084,10111510000000.0,0.0,0.0,0.2519322,-1.47111,5.99864,1,1.084,146974900000.0,0.0,0.0,0.2405184,-37.67477,0.1398911,2,1.084,13.21,0.0,0.0,0.3244975,-33.29834,0.0,-1,-1.0,-1.0,-1.0,-1.0,-1.0,-1.0,-1.0,-1,-1.0,-1.0,-1.0,-1.0,-1.0,-1.0,-1.0
2027,0.3700382,0.8564721,1.0,0.02204686,0.005389158,0,False,-1.0,0,1.229,1673261000000.0,0.0,0.0,0.2481185,-31.01146,6.509697,1,1.229,38887930000.0,0.0,0.0,0.3083836,-39.68007,0.09094571,2,1.229,3.72,0.0,0.0,0.1226246,37.56451,0.0,-1,-1.0,-1.0,-1.0,-1.0,-1.0,-1.0,-1.0,-1,-1.0,-1.0,-1.0,-1.0,-1.0,-1.0,-1.0
2028,0.5724667,1.299295,1.0,0.03740411,-0.2732316,0,False,-1.0,0,1.668,3004794000000.0,0.0,0.0,0.4609895,6.17445,4.08597,1,1.668,83247010000.0,0.0,0.0,0.2836195,-25.21303,0.06937657,2,1.668,9.2,0.0,0.0,0.1452249,-179.9879,0.0,-1,-1.0,-1.0,-1.0,-1.0,-1.0,-1.0,-1.0,-1,-1.0,-1.0,-1.0,-1.0,-1.0,-1.0,-1.0
2029,0.6230066,1.492424,1.0,0.06301622,-0.1364799,0,False,-1.0,0,1.824,3856112000000.0,0.0,0.0,0.4132209,-91.80714,5.360181,1,1.824,70879750000.0,0.0,0.0,0.1997254,-15.64035,0.02942502,2,1.824,5.46,0.0,0.0,0.1289741,-56.19701,0.0,-1,-1.0,-1.0,-1.0,-1.0,-1.0,-1.0,-1.0,-1,-1.0,-1.0,-1.0,-1.0,-1.0,-1.0,-1.0
2030,1.224401,3.387324,1.0,0.006667786,0.1759995,0,False,-1.0,0,0.821,43477640000000.0,0.0,0.0,0.667909,-5.139568,2.35853,1,0.821,202110000000.0,0.0,0.0,0.2630451,-33.33082,0.1742981,2,0.821,10.4,0.0,0.0,0.01142433,-81.39285,0.0,-1,-1.0,-1.0,-1.0,-1.0,-1.0,-1.0,-1.0,-1,-1.0,-1.0,-1.0,-1.0,-1.0,-1.0,-1.0
2031,16.95877,30.88154,1.0,-1.968879,0.119689,0,False,-1.0,0,0.877,301286100000000.0,0.0,0.0,0.3797551,76.59284,7.053464,1,0.877,513269000000.0,0.0,0.0,0.3939405,29.20289,0.6280626,2,0.877,4.47,0.0,0.0,0.09106329,34.39701,0.0,-1,-1.0,-1.0,-1.0,-1.0,-1.0,-1.0,-1.0,-1,-1.0,-1.0,-1.0,-1.0,-1.0,-1.0,-1.0
2032,0.6278503,1.425399,1.0,0.009826922,-0.02293044,0,False,-1.0,0,0.964,2714969000000.0,0.0,0.0,0.272748,-53.0704,3.848088,1,0.964,72276720000.0,0.0,0.0,0.1011455,-5.847502,0.07403818,2,0.964,9.34,0.0,0.0,0.1383687,-166.5517,0.0,-1,-1.0,-1.0,-1.0,-1.0,-1.0,-1.0,-1.0,-1,-1.0,-1.0,-1.0,-1.0,-1.0,-1.0,-1.0
2033,0.3385846,0.9720571,1.0,-0.03611338,0.1929252,0,False,-1.0,0,2.182,2579600000000.0,0.0,0.0,0.1850578,17.27763,4.400524,1,2.182,49795050000.0,0.0,0.0,0.5627172,-10.89462,0.02726877,2,2.182,6.78,0.0,0.0,0.2110387,-175.2117,0.0,-1,-1.0,-1.0,-1.0,-1.0,-1.0,-1.0,-1.0,-1,-1.0,-1.0,-1.0,-1.0,-1.0,-1.0,-1.0
2034,0.5516389,1.717417,1.0,-0.1724954,0.07424681,0,False,-1.0,0,1.61,2059816000000.0,0.0,0.0,0.05221165,5.639331,5.406136,1,1.61,57680330000.0,0.0,0.0,0.5008029,31.59666,0.04816851,2,1.61,19.72,0.0,0.0,0.2359753,145.2549,0.0,-1,-1.0,-1.0,-1.0,-1.0,-1.0,-1.0,-1.0,-1,-1.0,-1.0,-1.0,-1.0,-1.0,-1.0,-1.0
2035,1.188598,2.064247,1.0,-0.5529035,-0.3556493,0,False,-1.0,0,0.417,8852505000000.0,0.0,0.0,0.5952872,118.7468,7.227798,1,0.417,123931900000.0,0.0,0.0,0.03984189,102.4988,0.3975644,2,0.417,5.29,0.0,0.0,0.09921134,129.7296,0.0,-1,-1.0,-1.0,-1.0,-1.0,-1.0,-1.0,-1.0,-1,-1.0,-1.0,-1.0,-1.0,-1.0,-1.0,-1.0
2036,1.309497,2.978625,1.0,-0.1077174,-0.09074274,0,False,-1.0,0,0.554,75615840000000.0,0.0,0.0,0.4744898,28.68494,2.13595,1,0.554,380086800000.0,0.0,0.0,0.1771957,61.00323,0.7871513,2,0.554,2.12,0.0,0.0,0.06017705,68.41472,0.0,-1,-1.0,-1.0,-1.0,-1.0,-1.0,-1.0,-1.0,-1,-1.0,-1.0,-1.0,-1.0,-1.0,-1.0,-1.0
2037,0.3049679,0.8888855,1.0,-0.009235491,0.03528786,0,False,-1.0,0,1.3,1621204000000.0,0.0,0.0,0.354835,-166.6829,6.337249,1,1.3,44531450000.0,0.0,0.0,0.4065002,-154.2989,0.1190824,2,1.3,3.42,0.0,0.0,0.1571552,-143.2684,0.0,-1,-1.0,-1.0,-1.0,-1.0,-1.0,-1.0,-1.0,-1,-1.0,-1.0,-1.0,-1.0,-1.0,-1.0,-1.0
2038,1.753532,2.641891,1.0,-0.3546336,-0.002249882,0,False,-1.0,0,1.932,7583609000000.0,0.0,0.0,0.3935895,112.1753,8.28401,1,1.932,80107340000.0,0.0,0.0,0.2947674,110.2117,0.04832865,2,1.932,10.82,0.0,0.0,0.08570268,50.28097,0.0,-1,-1.0,-1.0,-1.0,-1.0,-1.0,-1.0,-1.0,-1,-1.0,-1.0,-1.0,-1.0,-1.0,-1.0,-1.0
2039,2.54552,6.381949,1.0,0.4964136,-0.6767414,0,False,-1.0,0,1.223,33093130000000.0,0.0,0.0,0.4311716,21.82037,6.342843,1,1.223,167229200000.0,0.0,0.0,0.1982046,44.23956,0.2222071,2,1.223,10.08,0.0,0.0,0.132449,-105.348,0.0,-1,-1.0,-1.0,-1.0,-1.0,-1.0,-1.0,-1.0,-1,-1.0,-1.0,-1.0,-1.0,-1.0,-1.0,-1.0
2040,1.205541,1.896256,1.0,-0.3453566,0.1822996,0,False,-1.0,0,0.784,15546960000000.0,0.0,0.0,0.4030699,-113.8659,7.686657,1,0.784,113494300000.0,0.0,0.0,0.1496495,-104.2761,0.06583801,2,0.784,1.97,0.0,0.0,0.04593751,-115.6157,0.0,-1,-1.0,-1.0,-1.0,-1.0,-1.0,-1.0,-1.0,-1,-1.0,-1.0,-1.0,-1.0,-1.0,-1.0,-1.0
2041,0.3225345,0.710223,1.0,-0.05827749,0.02523565,0,False,-1.0,0,2.285,7134249000000.0,0.0,0.0,0.2750833,108.9577,1.733775,1,2.285,74111820000.0,0.0,0.0,0.647175,127.0597,0.05332768,2,2.285,4.03,0.0,0.0,0.09706045,-95.46496,0.0,-1,-1.0,-1.0,-1.0,-1.0,-1.0,-1.0,-1.0,-1,-1.0,-1.0,-1.0,-1.0,-1.0,-1.0,-1.0
2042,1.257418,3.195714,1.0,0.00727725,-0.07173179,0,False,-1.0,0,1.001,7922297000000.0,0.0,0.0,0.2390124,-130.6734,8.10931,1,1.001,98662220000.0,0.0,0.0,0.2299039,-153.0046,0.0933121,2,1.001,6.97,0.0,0.0,0.1587609,-79.95847,0.0,-1,-1.0,-1.0,-1.0,-1.0,-1.0,-1.0,-1.0,-1,-1.0,-1.0,-1.0,-1.0,-1.0,-1.0,-1.0
2043,0.8066493,1.592683,1.0,0.006834686,-0.0240741,0,False,-1.0,0,0.512,2599450000000.0,0.0,0.0,0.2390381,76.62619,6.386646,1,0.512,61776040000.0,0.0,0.0,0.1893519,112.0738,0.121852,2,0.512,10.67,0.0,0.0,0.1044891,19.13895,0.0,-1,-1.0,-1.0,-1.0,-1.0,-1.0,-1.0,-1.0,-1,-1.0,-1.0,-1.0,-1.0,-1.0,-1.0,-1.0
2044,0.1068501,0.326914,1.0,-0.02206904,0.02198619,0,False,-1.0,0,0.554,430011300000.0,0.0,0.0,0.1382416,168.6295,5.130697,1,0.554,13159920000.0,0.0,0.0,0.4961522,188.0064,0.2810553,2,0.554,10.11,0.0,0.0,0.08762374,-7.649687,0.0,-1,-1.0,-1.0,-1.0,-1.0,-1.0,-1.0,-1.0,-1,-1.0,-1.0,-1.0,-1.0,-1.0,-1.0,-1.0
2045,1.556843,3.696636,1.0,0.1384227,-0.301305,0,False,-1.0,0,0.449,28055970000000.0,0.0,0.0,0.5254966,109.7835,6.573206,1,0.449,159679000000.0,0.0,0.0,0.2685145,133.6482,0.312285,2,0.449,1.96,0.0,0.0,0.03702718,-64.51933,0.0,-1,-1.0,-1.0,-1.0,-1.0,-1.0,-1.0,-1.0,-1,-1.0,-1.0,-1.0,-1.0,-1.0,-1.0,-1.0
2046,0.5177499,1.163734,1.0,-0.08230969,-0.07164674,0,False,-1.0,0,0.797,1099678000000.0,0.0,0.0,0.08352662,-179.2093,6.684453,1,0.797,52720740000.0,0.0,0.0,0.2594475,-132.0601,0.07777396,2,0.797,3.54,0.0,0.0,0.13728,-145.3861,0.0,-1,-1.0,-1.0,-1.0,-1.0,-1.0,-1.0,-1.0,-1,-1.0,-1.0,-1.0,-1.0,-1.0,-1.0,-1.0
2047,2.641494,9.236302,1.0,0.6423763,0.249887,0,False,-1.0,0,1.075,128369100000000.0,0.0,0.0,0.4256461,7.781605,3.255027,1,1.075,271393400000.0,0.0,0.0,0.2375788,38.98885,0.1292509,2,1.075,5.1,0.0,0.0,0.1036197,-141.322,0.0,-1,-1.0,-1.0,-1.0,-1.0,-1.0,-1.0,-1.0,-1,-1.0,-1.0,-1.0,-1.0,-1.0,-1.0,-1.0
2048,1.151316,2.631045,1.0,0.2268941,0.3330427,0,False,-1.0,0,1.288,11862710000000.0,0.0,0.0,0.3785178,145.1613,5.470284,1,1.288,98198690000.0,0.0,0.0,0.121523,189.7484,0.1233274,2,1.288,9.42,0.0,0.0,0.07954446,166.335,0.0,-1,-1.0,-1.0,-1.0,-1.0,-1.0,-1.0,-1.0,-1,-1.0,-1.0,-1.0,-1.0,-1.0,-1.0,-1.0
2049,0.560556,1.19834,1.0,0.1376412,0.06201293,0,False,-1.0,0,1.797,2182247000000.0,0.0,0.0,0.4943927,83.09371,5.606334,1,1.797,56970970000.0,0.0,0.0,0.4779724,38.14899,0.07064252,2,1.797,8.87,0.0,0.0,0.1051307,109.7716,0.0,-1,-1.0,-1.0,-1.0,-1.0,-1.0,-1.0,-1.0,-1,-1.0,-1.0,-1.0,-1.0,-1.0,-1.0,-1.0
2050,3.627117,18.64148,1.0,-1.911293,-3.088869,0,False,-1.0,0,1.398,273931600000000.0,0.0,0.0,0.6600665,-22.35564,2.958829,1,1.398,372779500000.0,0.0,0.0,0.3143732,12.14335,0.09129118,2,1.398,4.49,0.0,0.0,0.1481315,-45.97791,0.0,-1,-1.0,-1.0,-1.0,-1.0,-1.0,-1.0,-1.0,-1,-1.0,-1.0,-1.0,-1.0,-1.0,-1.0,-1.0
2051,0.4477195,1.090124,1.0,-0.0804829,-0.1266044,0,False,-1.0,0,2.517,2739434000000.0,0.0,0.0,0.234921,-21.21473,3.0704,1,2.517,52551700000.0,0.0,0.0,0.2003218,-8.689869,0.02904441,2,2.517,10.81,0.0,0.0,0.1927245,-15.60211,0.0,-1,-1.0,-1.0,-1.0,-1.0,-1.0,-1.0,-1.0,-1,-1.0,-1.0,-1.0,-1.0,-1.0,-1.0,-1.0
2052,0.5594132,1.253669,1.0,-0.02491429,0.1121049,0,False,-1.0,0,0.94,2541321000000.0,0.0,0.0,0.2509437,-145.8305,5.951036,1,0.94,69642520000.0,0.0,0.0,0.5811265,-124.6906,0.1317343,2,0.94,3.64,0.0,0.0,0.1752895,85.79798,0.0,-1,-1.0,-1.0,-1.0,-1.0,-1.0,-1.0,-1.0,-1,-1.0,-1.0,-1.0,-1.0,-1.0,-1.0,-1.0
2053,1.075912,3.109083,1.0,-0.1598229,-0.1083522,0,False,-1.0,0,0.62,8339129000000.0,0.0,0.0,0.2100342,46.60271,8.177576,1,0.62,123591100000.0,0.0,0.0,0.5110532,1.543533,0.3056358,2,0.62,9.38,0.0,0.0,0.09113554,-118.9151,0.0,-1,-1.0,-1.0,-1.0,-1.0,-1.0,-1.0,-1.0,-1,-1.0,-1.0,-1.0,-1.0,-1.0,-1.0,-1.0
2054,1.416596,3.444173,1.0,0.02594155,0.1656948,0,False,-1.0,0,0.438,17504980000000.0,0.0,0.0,0.2441049,81.82159,2.937748,1,0.438,219937400000.0,0.0,0.0,0.006171183,65.03689,0.2488363,2,0.438,6.88,0.0,0.0,0.2819338,170.0626,0.0,-1,-1.0,-1.0,-1.0,-1.0,-1.0,-1.0,-1.0,-1,-1.0,-1.0,-1.0,-1.0,-1.0,-1.0,-1.0
2055,0.4779804,0.840601,1.0,-0.01151464,0.03193768,0,False,-1.0,0,0.585,1003048000000.0,0.0,0.0,0.1804625,-128.3921,4.65145,1,0.585,35548750000.0,0.0,0.0,0.442483,-114.0342,0.1401212,2,0.585,4.74,0.0,0.0,0.08943784,-168.9487,0.0,-1,-1.0,-1.0,-1.0,-1.0,-1.0,-1.0,-1.0,-1,-1.0,-1.0,-1.0,-1.0,-1.0,-1.0,-1.0
2056,1.15799,2.725138,1.0,-0.0009391882,0.04476526,0,False,-1.0,0,1.923,13181550000000.0,0.0,0.0,0.3072695,-119.6407,3.986332,1,1.923,140071100000.0,0.0,0.0,0.3988393,-156.584,0.08992076,2,1.923,10.21,0.0,0.0,0.09648461,-4.690147,0.0,-1,-1.0,-1.0,-1.0,-1.0,-1.0,-1.0,-1.0,-1,-1.0,-1.0,-1.0,-1.0,-1.0,-1.0,-1.0
2057,0.2902957,0.7786379,1.0,0.01933423,0.0229284,0,False,-1.0,0,1.186,1141563000000.0,0.0,0.0,0.01403279,-19.38167,4.424531,1,1.186,30018880000.0,0.0,0.0,0.3868472,-16.59441,0.05145471,2,1.186,5.1,0.0,0.0,0.1490651,-28.70693,0.0,-1,-1.0,-1.0,-1.0,-1.0,-1.0,-1.0,-1.0,-1,-1.0,-1.0,-1.0,-1.0,-1.0,-1.0,-1.0
2058,0.4656228,1.186149,1.0,0.03005484,0.007444561,0,False,-1.0,0,1.16,2263246000000.0,0.0,0.0,0.2811668,148.3486,4.308721,1,1.16,62096180000.0,0.0,0.0,0.3273607,175.258,0.03124324,2,1.16,4.97,0.0,0.0,0.05757083,169.3526,0.0,-1,-1.0,-1.0,-1.0,-1.0,-1.0,-1.0,-1.0,-1,-1.0,-1.0,-1.0,-1.0,-1.0,-1.0,-1.0
2059,0.9376329,2.309473,1.0,0.13212,-0.0456976,0,False,-1.0,0,0.393,6459361000000.0,0.0,0.0,0.3090035,11.09476,5.763043,1,0.393,114127800000.0,0.0,0.0,0.3577293,-16.61711,0.1430942,2,0.393,6.89,0.0,0.0,0.04039725,-158.8003,0.0,-1,-1.0,-1.0,-1.0,-1.0,-1.0,-1.0,-1.0,-1,-1.0,-1.0,-1.0,-1.0,-1.0,-1.0,-1.0
2060,0.9462114,3.596971,1.0,-0.2690158,0.1633299,0,False,-1.0,0,1.498,43273030000000.0,0.0,0.0,0.534834,-18.81491,2.86119,1,1.498,150218900000.0,0.0,0.0,0.5901567,9.13748,0.1037616,2,1.498,6.25,0.0,0.0,0.02044639,111.4165,0.0,-1,-1.0,-1.0,-1.0,-1.0,-1.0,-1.0,-1.0,-1,-1.0,-1.0,-1.0,-1.0,-1.0,-1.0,-1.0
2061,0.5174584,1.268583,1.0,0.1435396,-0.0693077,0,False,-1.0,0,1.354,2252963000000.0,0.0,0.0,0.2690089,146.1209,3.125798,1,1.354,70463360000.0,0.0,0.0,0.09757191,195.1016,0.09319889,2,1.354,7.94,0.0,0.0,0.1370283,154.2687,0.0,-1,-1.0,-1.0,-1.0,-1.0,-1.0,-1.0,-1.0,-1,-1.0,-1.0,-1.0,-1.0,-1.0,-1.0,-1.0
2062,3.565328,7.335422,1.0,-1.307452,0.4939633,0,False,-1.0,0,1.935,19761520000000.0,0.0,0.0,0.4028252,-113.4266,8.223718,1,1.935,114863100000.0,0.0,0.0,0.5324458,-142.2473,0.02295639,2,1.935,14.46,0.0,0.0,0.1674268,-124.9962,0.0,-1,-1.0,-1.0,-1.0,-1.0,-1.0,-1.0,-1.0,-1,-1.0,-1.0,-1.0,-1.0,-1.0,-1.0,-1.0
2063,0.2873129,0.6305739,1.0,0.01176907,0.001146388,0,False,-1.0,0,1.574,832029600000.0,0.0,0.0,0.3904416,-81.33588,5.328758,1,1.574,23125280000.0,0.0,0.0,0.3479255,-37.94955,0.07976007,2,1.574,7.82,0.0,0.0,0.1517042,-175.6187,0.0,-1,-1.0,-1.0,-1.0,-1.0,-1.0,-1.0,-1.0,-1,-1.0,-1.0,-1.0,-1.0,-1.0,-1.0,-1.0
2064,2.906308,5.586013,1.0,-0.373016,0.5234009,0,False,-1.0,0,0.669,41108640000000.0,0.0,0.0,0.4467511,51.16568,5.893496,1,0.669,401396600000.0,0.0,0.0,0.2712522,55.91876,0.2974334,2,0.669,5.74,0.0,0.0,0.0247577,170.1973,0.0,-1,-1.0,-1.0,-1.0,-1.0,-1.0,-1.0,-1.0,-1,-1.0,-1.0,-1.0,-1.0,-1.0,-1.0,-1.0
2065,21.2657,71.70905,1.0,-5.468544,-2.410815,0,False,-1.0,0,0.472,1038284000000000.0,0.0,0.0,0.5620741,-10.86648,7.115464,1,0.472,1026180000000.0,0.0,0.0,0.1674502,-23.99798,1.552235,2,0.472,3.44,0.0,0.0,0.06510565,128.8999,0.0,-1,-1.0,-1.0,-1.0,-1.0,-1.0,-1.0,-1.0,-1,-1.0,-1.0,-1.0,-1.0,-1.0,-1.0,-1.0
2066,1.102476,2.309576,1.0,0.03272533,0.1017626,0,False,-1.0,0,1.744,18455030000000.0,0.0,0.0,0.2582123,-150.5082,4.176918,1,1.744,113723200000.0,0.0,0.0,0.4738609,-98.02641,0.04810818,2,1.744,4.29,0.0,0.0,0.1162812,-165.6428,0.0,-1,-1.0,-1.0,-1.0,-1.0,-1.0,-1.0,-1.0,-1,-1.0,-1.0,-1.0,-1.0,-1.0,-1.0,-1.0
2067,1.281707,3.349985,1.0,-0.01431651,-0.004158962,0,False,-1.0,0,0.967,17083880000000.0,0.0,0.0,0.2635007,55.6615,5.175475,1,0.967,125363400000.0,0.0,0.0,0.2271627,25.11889,0.137971,2,0.967,6.34,0.0,0.0,0.2245901,-23.25225,0.0,-1,-1.0,-1.0,-1.0,-1.0,-1.0,-1.0,-1.0,-1,-1.0,-1.0,-1.0,-1.0,-1.0,-1.0,-1.0
2068,1.831351,4.884447,1.0,-0.1527648,0.007001907,0,False,-1.0,0,0.937,38387440000000.0,0.0,0.0,0.3488032,-118.5098,4.710322,1,0.937,164862600000.0,0.0,0.0,0.487493,-159.7803,0.1723775,2,0.937,6.29,0.0,0.0,0.09725357,106.2341,0.0,-1,-1.0,-1.0,-1.0,-1.0,-1.0,-1.0,-1.0,-1,-1.0,-1.0,-1.0,-1.0,-1.0,-1.0,-1.0
2069,0.5708395,1.170733,1.0,0.1379358,0.01582649,0,False,-1.0,0,1.259,2430747000000.0,0.0,0.0,0.2750074,-52.25772,5.732785,1,1.259,76620750000.0,0.0,0.0,0.3857395,-50.1986,0.06451544,2,1.259,3.77,0.0,0.0,0.2126693,-106.1199,0.0,-1,-1.0,-1.0,-1.0,-1.0,-1.0,-1.0,-1.0,-1,-1.0,-1.0,-1.0,-1.0,-1.0,-1.0,-1.0
2070,0.08064914,0.1809945,1.0,-0.003838551,0.00511453,0,False,-1.0,0,2.468,850040800000.0,0.0,0.0,0.2171721,-168.9437,2.209495,1,2.468,18272260000.0,0.0,0.0,0.2587536,-157.2508,0.02955433,2,2.468,3.02,0.0,0.0,0.06031596,3.012653,0.0,-1,-1.0,-1.0,-1.0,-1.0,-1.0,-1.0,-1.0,-1,-1.0,-1.0,-1.0,-1.0,-1.0,-1.0,-1.0
2071,3.277205,3.729153,1.0,1.133876,-0.09917429,0,False,-1.0,0,1.497,23027800000000.0,0.0,0.0,0.5022857,86.88836,8.677983,1,1.497,83902660000.0,0.0,0.0,0.416972,36.87353,0.04887994,2,1.497,4.87,0.0,0.0,0.02648041,126.7665,0.0,-1,-1.0,-1.0,-1.0,-1.0,-1.0,-1.0,-1.0,-1,-1.0,-1.0,-1.0,-1.0,-1.0,-1.0,-1.0
2072,0.5210191,1.128378,1.0,0.07216653,0.02851817,0,False,-1.0,0,1.18,3118406000000.0,0.0,0.0,0.4342655,-24.44279,7.140627,1,1.18,52459860000.0,0.0,0.0,0.3466212,-21.89743,0.05074002,2,1.18,4.6,0.0,0.0,0.186389,-99.59023,0.0,-1,-1.0,-1.0,-1.0,-1.0,-1.0,-1.0,-1.0,-1,-1.0,-1.0,-1.0,-1.0,-1.0,-1.0,-1.0
2073,4.03631,7.955819,1.0,0.5529299,-0.5939423,0,False,-1.0,0,0.55,25196480000000.0,0.0,0.0,0.3030402,-145.8246,16.83478,1,0.55,192905900000.0,0.0,0.0,0.211597,-148.34,0.3412427,2,0.55,4.01,0.0,0.0,0.065603,76.77704,0.0,-1,-1.0,-1.0,-1.0,-1.0,-1.0,-1.0,-1.0,-1,-1.0,-1.0,-1.0,-1.0,-1.0,-1.0,-1.0
2074,0.7632921,1.587441,1.0,0.2130231,0.176317,0,False,-1.0,0,1.482,5099537000000.0,0.0,0.0,0.4763127,-59.45986,4.299,1,1.482,87872380000.0,0.0,0.0,0.1293744,-77.83327,0.02724005,2,1.482,5.55,0.0,0.0,0.1612255,131.0158,0.0,-1,-1.0,-1.0,-1.0,-1.0,-1.0,-1.0,-1.0,-1,-1.0,-1.0,-1.0,-1.0,-1.0,-1.0,-1.0
2075,0.1507158,0.316252,1.0,0.02026206,0.01066857,0,False,-1.0,0,0.579,481928700000.0,0.0,0.0,0.1917196,97.24771,7.911841,1,0.579,8877063000.0,0.0,0.0,0.3947401,115.8166,0.2237777,2,0.579,4.29,0.0,0.0,0.1057901,-54.60854,0.0,-1,-1.0,-1.0,-1.0,-1.0,-1.0,-1.0,-1.0,-1,-1.0,-1.0,-1.0,-1.0,-1.0,-1.0,-1.0
2076,3.666435,12.27451,1.0,-0.4698672,0.9330881,0,False,-1.0,0,0.924,117794900000000.0,0.0,0.0,0.509442,-34.87869,4.073813,1,0.924,354436300000.0,0.0,0.0,0.4221255,-47.51125,0.1654248,2,0.924,7.07,0.0,0.0,0.07570941,-25.28958,0.0,-1,-1.0,-1.0,-1.0,-1.0,-1.0,-1.0,-1.0,-1,-1.0,-1.0,-1.0,-1.0,-1.0,-1.0,-1.0
2077,0.3393333,0.921797,1.0,0.1076353,0.05612245,0,False,-1.0,0,1.482,919995900000.0,0.0,0.0,0.3012937,152.6291,4.889003,1,1.482,24347130000.0,0.0,0.0,0.2985233,223.0172,0.06627994,2,1.482,18.07,0.0,0.0,0.2819285,137.7524,0.0,-1,-1.0,-1.0,-1.0,-1.0,-1.0,-1.0,-1.0,-1,-1.0,-1.0,-1.0,-1.0,-1.0,-1.0,-1.0
2078,0.7553176,1.462623,1.0,-0.1245103,0.0407012,0,False,-1.0,0,0.586,4643109000000.0,0.0,0.0,0.1598397,-158.5175,3.658489,1,0.586,84771670000.0,0.0,0.0,0.1836833,-208.6149,0.1134256,2,0.586,9.83,0.0,0.0,0.143856,-104.3078,0.0,-1,-1.0,-1.0,-1.0,-1.0,-1.0,-1.0,-1.0,-1,-1.0,-1.0,-1.0,-1.0,-1.0,-1.0,-1.0
2079,9.342091,18.03482,1.0,0.5095802,-2.440675,0,False,-1.0,0,0.912,109255500000000.0,0.0,0.0,0.4189873,84.63043,7.687424,1,0.912,507721600000.0,0.0,0.0,0.353206,77.58988,0.6881458,2,0.912,4.73,0.0,0.0,0.140554,96.20286,0.0,-1,-1.0,-1.0,-1.0,-1.0,-1.0,-1.0,-1.0,-1,-1.0,-1.0,-1.0,-1.0,-1.0,-1.0,-1.0
2080,0.2373189,0.5580457,1.0,-0.003090495,-0.01798908,0,False,-1.0,0,2.599,671653300000.0,0.0,0.0,0.1347979,-10.67199,11.7009,1,2.599,8774194000.0,0.0,0.0,0.2089122,-15.40181,0.02197324,2,2.599,6.24,0.0,0.0,0.1125201,-128.374,0.0,-1,-1.0,-1.0,-1.0,-1.0,-1.0,-1.0,-1.0,-1,-1.0,-1.0,-1.0,-1.0,-1.0,-1.0,-1.0
2081,0.4903162,0.7625877,1.0,-0.02577315,0.1286763,0,False,-1.0,0,0.324,913370100000.0,0.0,0.0,0.1679962,-74.60972,4.179148,1,0.324,38985490000.0,0.0,0.0,0.6222221,-73.78447,0.39313,2,0.324,2.82,0.0,0.0,0.04579017,-77.80783,0.0,-1,-1.0,-1.0,-1.0,-1.0,-1.0,-1.0,-1.0,-1,-1.0,-1.0,-1.0,-1.0,-1.0,-1.0,-1.0
2082,0.6724906,1.247992,1.0,-0.01672353,0.08038655,0,False,-1.0,0,0.816,2828954000000.0,0.0,0.0,0.2562562,-76.6031,4.86764,1,0.816,64433170000.0,0.0,0.0,0.2277653,-85.47115,0.1131334,2,0.816,4.25,0.0,0.0,0.05975312,-50.15429,0.0,-1,-1.0,-1.0,-1.0,-1.0,-1.0,-1.0,-1.0,-1,-1.0,-1.0,-1.0,-1.0,-1.0,-1.0,-1.0
2083,5.021377,9.216669,1.0,2.053646,0.9485514,0,False,-1.0,0,0.9,96770110000000.0,0.0,0.0,0.5018641,-57.80662,7.667111,1,0.9,240219500000.0,0.0,0.0,0.1268302,-29.09047,0.1235451,2,0.9,2.71,0.0,0.0,0.02808176,-82.31573,0.0,-1,-1.0,-1.0,-1.0,-1.0,-1.0,-1.0,-1.0,-1,-1.0,-1.0,-1.0,-1.0,-1.0,-1.0,-1.0
2084,0.3815096,1.49874,1.0,-0.1033706,-0.01988882,0,False,-1.0,0,1.819,1283504000000.0,0.0,0.0,0.4924491,-141.7765,5.449085,1,1.819,33206790000.0,0.0,0.0,0.4114349,-169.5274,0.0399601,2,1.819,21.17,0.0,0.0,0.3048231,-150.9094,0.0,-1,-1.0,-1.0,-1.0,-1.0,-1.0,-1.0,-1.0,-1,-1.0,-1.0,-1.0,-1.0,-1.0,-1.0,-1.0
2085,0.4505699,1.288862,1.0,0.1129866,-0.0532172,0,False,-1.0,0,1.156,1885928000000.0,0.0,0.0,0.3412992,-27.51706,8.881557,1,1.156,57447090000.0,0.0,0.0,0.3483775,0.05757312,0.07396992,2,1.156,3.32,0.0,0.0,0.1192042,-45.24035,0.0,-1,-1.0,-1.0,-1.0,-1.0,-1.0,-1.0,-1.0,-1,-1.0,-1.0,-1.0,-1.0,-1.0,-1.0,-1.0
2086,0.4760154,1.264347,1.0,0.01529861,-0.06009771,0,False,-1.0,0,0.26,923995100000.0,0.0,0.0,0.1101973,108.8262,14.10779,1,0.26,36950540000.0,0.0,0.0,0.1728609,184.407,0.4851613,2,0.26,5.16,0.0,0.0,0.1740712,111.4508,0.0,-1,-1.0,-1.0,-1.0,-1.0,-1.0,-1.0,-1.0,-1,-1.0,-1.0,-1.0,-1.0,-1.0,-1.0,-1.0
2087,2.249307,5.712108,1.0,0.5832663,-0.8207055,0,False,-1.0,0,0.893,27980300000000.0,0.0,0.0,0.6350662,50.43192,7.139267,1,0.893,135505600000.0,0.0,0.0,0.1093311,26.67732,0.128864,2,0.893,7.13,0.0,0.0,0.03553558,86.23182,0.0,-1,-1.0,-1.0,-1.0,-1.0,-1.0,-1.0,-1.0,-1,-1.0,-1.0,-1.0,-1.0,-1.0,-1.0,-1.0
2088,0.4011725,0.8707756,1.0,0.01965365,0.04312655,0,False,-1.0,0,1.406,6072155000000.0,0.0,0.0,0.3736681,149.4458,4.22267,1,1.406,79168660000.0,0.0,0.0,0.09216683,198.8224,0.07138557,2,1.406,2.44,0.0,0.0,0.06909908,166.3556,0.0,-1,-1.0,-1.0,-1.0,-1.0,-1.0,-1.0,-1.0,-1,-1.0,-1.0,-1.0,-1.0,-1.0,-1.0,-1.0
2089,3.529102,9.829001,1.0,-0.1429838,-0.06864549,0,False,-1.0,0,0.525,117418400000000.0,0.0,0.0,0.5436207,64.71697,4.875025,1,0.525,461218600000.0,0.0,0.0,0.4157758,23.5465,0.4308437,2,0.525,3.51,0.0,0.0,0.07470062,-74.44438,0.0,-1,-1.0,-1.0,-1.0,-1.0,-1.0,-1.0,-1.0,-1,-1.0,-1.0,-1.0,-1.0,-1.0,-1.0,-1.0
2090,0.1389229,0.3583032,1.0,-0.01740499,0.01386143,0,False,-1.0,0,0.559,397352500000.0,0.0,0.0,0.1478634,-31.35808,8.986887,1,0.559,8581965000.0,0.0,0.0,0.4078848,-31.21768,0.1548525,2,0.559,2.85,0.0,0.0,0.09622446,-69.86445,0.0,-1,-1.0,-1.0,-1.0,-1.0,-1.0,-1.0,-1.0,-1,-1.0,-1.0,-1.0,-1.0,-1.0,-1.0,-1.0
2091,1.202033,2.4015,1.0,-0.008610122,-0.08454613,0,False,-1.0,0,0.804,13610930000000.0,0.0,0.0,0.6042166,79.2827,6.920634,1,0.804,111701900000.0,0.0,0.0,0.2371492,56.91943,0.1105515,2,0.804,2.3,0.0,0.0,0.02355008,3.305147,0.0,-1,-1.0,-1.0,-1.0,-1.0,-1.0,-1.0,-1.0,-1,-1.0,-1.0,-1.0,-1.0,-1.0,-1.0,-1.0
2092,0.1461402,0.378554,1.0,0.04536998,-0.05734928,0,False,-1.0,0,1.05,911553300000.0,0.0,0.0,0.2982103,32.43906,5.381438,1,1.05,27664230000.0,0.0,0.0,0.6269893,32.81371,0.1436624,2,1.05,2.18,0.0,0.0,0.08310115,34.48164,0.0,-1,-1.0,-1.0,-1.0,-1.0,-1.0,-1.0,-1.0,-1,-1.0,-1.0,-1.0,-1.0,-1.0,-1.0,-1.0
2093,0.477192,0.7888996,1.0,-0.03771909,-0.009768997,0,False,-1.0,0,1.071,1111229000000.0,0.0,0.0,0.1919707,80.69272,5.758141,1,1.071,26244180000.0,0.0,0.0,0.3809647,91.7408,0.04520954,2,1.071,6.24,0.0,0.0,0.08321124,-91.30233,0.0,-1,-1.0,-1.0,-1.0,-1.0,-1.0,-1.0,-1.0,-1,-1.0,-1.0,-1.0,-1.0,-1.0,-1.0,-1.0
2094,0.5986942,2.240836,1.0,-0.249173,-0.2743071,0,False,-1.0,0,1.078,5211935000000.0,0.0,0.0,0.5159319,175.1805,5.384636,1,1.078,88046590000.0,0.0,0.0,0.4635885,191.3104,0.1637858,2,1.078,8.12,0.0,0.0,0.2245915,169.0096,0.0,-1,-1.0,-1.0,-1.0,-1.0,-1.0,-1.0,-1.0,-1,-1.0,-1.0,-1.0,-1.0,-1.0,-1.0,-1.0
2095,0.4484005,1.013503,1.0,0.1360569,-0.04143889,0,False,-1.0,0,0.378,1729882000000.0,0.0,0.0,0.1424123,-141.2652,3.906086,1,0.378,57312820000.0,0.0,0.0,0.4434591,-138.8589,0.3413475,2,0.378,2.93,0.0,0.0,0.1390218,56.47408,0.0,-1,-1.0,-1.0,-1.0,-1.0,-1.0,-1.0,-1.0,-1,-1.0,-1.0,-1.0,-1.0,-1.0,-1.0,-1.0
2096,0.675453,1.888511,1.0,-0.1044448,-0.0280979,0,False,-1.0,0,0.958,9394913000000.0,0.0,0.0,0.4840266,45.39057,4.970767,1,0.958,81728860000.0,0.0,0.0,0.4546402,42.19699,0.05523323,2,0.958,3.05,0.0,0.0,0.1137938,41.28396,0.0,-1,-1.0,-1.0,-1.0,-1.0,-1.0,-1.0,-1.0,-1,-1.0,-1.0,-1.0,-1.0,-1.0,-1.0,-1.0
2097,1.910598,4.737828,1.0,0.01890009,-0.01314432,0,False,-1.0,0,0.106,6253453000000.0,0.0,0.0,0.1361059,170.7471,11.88467,1,0.106,154633700000.0,0.0,0.0,0.1895823,218.2573,0.6204825,2,0.106,11.97,0.0,0.0,0.2095763,-129.3742,0.0,-1,-1.0,-1.0,-1.0,-1.0,-1.0,-1.0,-1.0,-1,-1.0,-1.0,-1.0,-1.0,-1.0,-1.0,-1.0
2098,0.3265752,0.5247284,1.0,0.02126451,0.01702651,0,False,-1.0,0,1.229,995129700000.0,0.0,0.0,0.1448299,94.08385,6.11619,1,1.229,25948460000.0,0.0,0.0,0.2706331,88.72744,0.1330741,2,1.229,4.47,0.0,0.0,0.04037783,-119.5729,0.0,-1,-1.0,-1.0,-1.0,-1.0,-1.0,-1.0,-1.0,-1,-1.0,-1.0,-1.0,-1.0,-1.0,-1.0,-1.0
2099,0.5637561,1.467733,1.0,0.04859193,0.04107467,0,False,-1.0,0,1.392,1955572000000.0,0.0,0.0,0.368432,4.375511,8.775176,1,1.392,45313260000.0,0.0,0.0,0.1063294,2.520152,0.09257957,2,1.392,7.98,0.0,0.0,0.06874885,178.154,0.0,-1,-1.0,-1.0,-1.0,-1.0,-1.0,-1.0,-1.0,-1,-1.0,-1.0,-1.0,-1.0,-1.0,-1.0,-1.0
2100,0.1057052,0.3629986,1.0,-0.03348786,-0.02766896,0,False,-1.0,0,1.796,716125300000.0,0.0,0.0,0.110758,-151.8598,5.226464,1,1.796,7050663000.0,0.0,0.0,0.546829,-164.3941,0.07575873,2,1.796,6.87,0.0,0.0,0.1963411,-137.9019,0.0,-1,-1.0,-1.0,-1.0,-1.0,-1.0,-1.0,-1.0,-1,-1.0,-1.0,-1.0,-1.0,-1.0,-1.0,-1.0
2101,6.108303,16.44858,1.0,1.852137,1.775183,0,False,-1.0,0,0.759,141646400000000.0,0.0,0.0,0.3215764,134.4297,5.377816,1,0.759,455910100000.0,0.0,0.0,0.361424,127.8161,0.2997182,2,0.759,6.17,0.0,0.0,0.1710237,152.8569,0.0,-1,-1.0,-1.0,-1.0,-1.0,-1.0,-1.0,-1.0,-1,-1.0,-1.0,-1.0,-1.0,-1.0,-1.0,-1.0
2102,0.893232,1.342078,1.0,0.0234335,0.09730569,0,False,-1.0,0,1.592,1861401000000.0,0.0,0.0,0.05854174,-9.5864,5.8917,1,1.592,54062020000.0,0.0,0.0,0.6072565,-89.51273,0.0367088,2,1.592,12.11,0.0,0.0,0.108899,-103.0702,0.0,-1,-1.0,-1.0,-1.0,-1.0,-1.0,-1.0,-1.0,-1,-1.0,-1.0,-1.0,-1.0,-1.0,-1.0,-1.0
2103,1.650101,4.221405,1.0,0.2052575,-0.03889521,0,False,-1.0,0,1.159,26829570000000.0,0.0,0.0,0.3914503,-26.44364,7.693681,1,1.159,91659580000.0,0.0,0.0,0.433536,-50.17788,0.03477886,2,1.159,3.34,0.0,0.0,0.07577962,88.31036,0.0,-1,-1.0,-1.0,-1.0,-1.0,-1.0,-1.0,-1.0,-1,-1.0,-1.0,-1.0,-1.0,-1.0,-1.0,-1.0
2104,0.9385556,2.419077,1.0,-0.06006793,-0.2297351,0,False,-1.0,0,1.077,5128501000000.0,0.0,0.0,0.1495899,-35.07136,7.73561,1,1.077,115435300000.0,0.0,0.0,0.5036476,-12.31564,0.135894,2,1.077,9.3,0.0,0.0,0.1355296,172.7816,0.0,-1,-1.0,-1.0,-1.0,-1.0,-1.0,-1.0,-1.0,-1,-1.0,-1.0,-1.0,-1.0,-1.0,-1.0,-1.0
2105,0.4788226,0.9276071,1.0,-0.02156701,-0.005099764,0,False,-1.0,0,0.465,850824700000.0,0.0,0.0,0.405093,76.41599,6.009075,1,0.465,39015240000.0,0.0,0.0,0.4629711,61.25601,0.2121807,2,0.465,3.59,0.0,0.0,0.14237,-52.60713,0.0,-1,-1.0,-1.0,-1.0,-1.0,-1.0,-1.0,-1.0,-1,-1.0,-1.0,-1.0,-1.0,-1.0,-1.0,-1.0
2106,0.4921486,1.007297,1.0,-0.006600588,0.02318966,0,False,-1.0,0,1.329,1124953000000.0,0.0,0.0,0.3080642,-66.88759,6.563105,1,1.329,30685370000.0,0.0,0.0,0.372666,-119.6549,0.03645737,2,1.329,10.61,0.0,0.0,0.1225101,62.68748,0.0,-1,-1.0,-1.0,-1.0,-1.0,-1.0,-1.0,-1.0,-1,-1.0,-1.0,-1.0,-1.0,-1.0,-1.0,-1.0
2107,0.5754161,0.875458,1.0,-0.05209561,-0.05164368,0,False,-1.0,0,1.003,2092783000000.0,0.0,0.0,0.4713368,-87.70967,4.191798,1,1.003,48848400000.0,0.0,0.0,0.5337839,-108.4176,0.1326433,2,1.003,5.48,0.0,0.0,0.07780823,26.269,0.0,-1,-1.0,-1.0,-1.0,-1.0,-1.0,-1.0,-1.0,-1,-1.0,-1.0,-1.0,-1.0,-1.0,-1.0,-1.0
2108,0.5610322,1.002268,1.0,-0.07356906,0.05914589,0,False,-1.0,0,0.443,1589170000000.0,0.0,0.0,0.3277105,33.97608,9.841328,1,0.443,42811870000.0,0.0,0.0,0.2749636,53.64319,0.2717052,2,0.443,4.77,0.0,0.0,0.02296384,36.99348,0.0,-1,-1.0,-1.0,-1.0,-1.0,-1.0,-1.0,-1.0,-1,-1.0,-1.0,-1.0,-1.0,-1.0,-1.0,-1.0
2109,0.2524135,0.5138469,1.0,0.04680807,0.1261889,0,False,-1.0,0,1.553,1179281000000.0,0.0,0.0,0.124689,-82.73504,1.90301,1,1.553,37873170000.0,0.0,0.0,0.4240119,-40.90169,0.09942551,2,1.553,4.61,0.0,0.0,0.1675471,-10.46827,0.0,-1,-1.0,-1.0,-1.0,-1.0,-1.0,-1.0,-1.0,-1,-1.0,-1.0,-1.0,-1.0,-1.0,-1.0,-1.0
2110,15.8088,43.68451,1.0,1.300189,1.268152,0,False,-1.0,0,0.622,344920600000000.0,0.0,0.0,0.4343559,155.2156,8.300489,1,0.622,660211200000.0,0.0,0.0,0.03750548,177.6847,1.972989,2,0.622,17.66,0.0,0.0,0.04251355,-46.08125,0.0,-1,-1.0,-1.0,-1.0,-1.0,-1.0,-1.0,-1.0,-1,-1.0,-1.0,-1.0,-1.0,-1.0,-1.0,-1.0
2111,0.08705728,0.1823254,1.0,0.005618407,0.009853806,0,False,-1.0,0,2.617,382707600000.0,0.0,0.0,0.2386052,-66.4032,1.794923,1,2.617,3100162000.0,0.0,0.0,0.2667917,-50.8428,0.01056557,2,2.617,7.66,0.0,0.0,0.1909643,-167.3677,0.0,-1,-1.0,-1.0,-1.0,-1.0,-1.0,-1.0,-1.0,-1,-1.0,-1.0,-1.0,-1.0,-1.0,-1.0,-1.0
2112,0.6074546,1.232609,1.0,-0.04574115,-0.07021525,0,False,-1.0,0,1.121,8375587000000.0,0.0,0.0,0.1235717,156.5844,3.665938,1,1.121,72755670000.0,0.0,0.0,0.04351343,97.15839,0.108163,2,1.121,3.78,0.0,0.0,0.1104561,153.1425,0.0,-1,-1.0,-1.0,-1.0,-1.0,-1.0,-1.0,-1.0,-1,-1.0,-1.0,-1.0,-1.0,-1.0,-1.0,-1.0
2113,0.5785505,0.9826218,1.0,-0.1102359,0.02848284,0,False,-1.0,0,1.068,1525154000000.0,0.0,0.0,0.3796834,103.0135,4.225985,1,1.068,47984190000.0,0.0,0.0,0.5608341,65.37379,0.06866,2,1.068,8.7,0.0,0.0,0.1694699,48.46343,0.0,-1,-1.0,-1.0,-1.0,-1.0,-1.0,-1.0,-1.0,-1,-1.0,-1.0,-1.0,-1.0,-1.0,-1.0,-1.0
2114,0.6196623,1.72148,1.0,-0.2284277,-0.09276893,0,False,-1.0,0,2.123,2413857000000.0,0.0,0.0,0.1514155,9.663965,5.537039,1,2.123,61095550000.0,0.0,0.0,0.217809,41.96605,0.04754131,2,2.123,10.84,0.0,0.0,0.2281537,-160.1994,0.0,-1,-1.0,-1.0,-1.0,-1.0,-1.0,-1.0,-1.0,-1,-1.0,-1.0,-1.0,-1.0,-1.0,-1.0,-1.0
2115,0.443328,1.004161,1.0,0.05137751,0.00848875,0,False,-1.0,0,0.672,1341317000000.0,0.0,0.0,0.01986112,-139.6638,3.945579,1,0.672,56709080000.0,0.0,0.0,0.5740673,-130.446,0.142367,2,0.672,3.24,0.0,0.0,0.1062548,5.953088,0.0,-1,-1.0,-1.0,-1.0,-1.0,-1.0,-1.0,-1.0,-1,-1.0,-1.0,-1.0,-1.0,-1.0,-1.0,-1.0
2116,0.4473556,0.9744328,1.0,-0.05139049,-0.02503578,0,False,-1.0,0,0.84,1482332000000.0,0.0,0.0,0.337855,-149.9196,5.238784,1,0.84,53033490000.0,0.0,0.0,0.4411589,-127.5268,0.2029034,2,0.84,5.22,0.0,0.0,0.06437731,-118.0721,0.0,-1,-1.0,-1.0,-1.0,-1.0,-1.0,-1.0,-1.0,-1,-1.0,-1.0,-1.0,-1.0,-1.0,-1.0,-1.0
