event_id,m1_det,m2_det,m1_src,m2_src,z_source,dl_source,gps_time,ra,dec,psi,theta_jn,phase,a1,a2,tilt1,tilt2,phi12,phijl
0027,30.142427836322177,6.564414896602318,7.893811587032018,1.7191134919279136,2.819999999999999,24159.439580659884,1126314620.7656004,5.631146449452336,-1.3096911460165328,0.2454010329994528,0.1654105156131307,1.0578080017846687,0.0593261075337432,0.0382483086809835,2.3178324110059965,1.517359907066636,1.8901097238435145,3.591025016814025
0029,36.4304251974624,5.759012326177065,8.422251773168568,1.3314105315252542,3.3199999999999985,29465.620033999618,1126311842.9761827,6.234653796877075,0.3471460242217544,1.703927864134792,1.687794395730895,0.359202951703565,0.161740290897433,0.0151439614640443,1.196334495472545,1.3655704288401709,5.433623724075974,2.00306539430823
0030,27.510462617891644,3.913634626877304,7.096693097464452,1.0095745836166012,2.8799999999999986,24759.742425304044,1126333773.4249115,2.1774944380420247,1.4407470243449605,2.55899232067295,1.562593555913926,5.083555909093694,0.1166113935111112,0.0358698376043674,0.9102531988720038,2.666772642487972,0.3744312032623563,3.670907322804711
0031,17.507640905134863,6.586216433442783,6.223039834674634,2.341051398482942,1.8099999999999992,14131.584161789364,1126300672.1596816,3.939696515339563,-0.2569176288420551,1.970052540813277,0.9699691660122514,0.8410166026389138,0.2785287950170304,0.0090234013714431,1.055745621702444,1.0127904696223744,3.69345512642466,1.698802923684325
0032,21.30974012650829,6.022938841504788,7.007238703742721,1.9805107856743756,2.039999999999999,16332.606189738624,1126298614.190298,0.2649046950803711,-1.3138630941703535,2.754465197116609,0.6368053839083994,5.701323675588785,0.150755317925437,0.03986415496759,1.2705425572510711,1.1915599725933606,2.138785693344728,4.503784192544822
0033,55.28026149433635,5.161672948684134,15.637180427029632,1.4600873625057162,2.5399999999999987,21258.092799726688,1126271495.3009331,0.0088940571008874,-1.45239634968496,2.420397651937478,0.5854827302997807,3.932109472683005,0.2008354060296704,0.0207830550103531,2.5141818459131664,1.5905689856813283,4.695457131364853,0.5923136394597864
0034,54.37055402929084,18.992512835012587,7.26914648480684,2.5392302943594127,6.469999999999996,64595.83670774654,1126297791.7736893,2.452019871168408,-1.0949968800505163,1.74037739140462,2.2795378216234554,1.2248126026421158,0.0850662917080928,0.0126723695394044,1.2337633281307094,2.3557454782698795,5.55025584084769,4.771625473423555
0035,23.400699200128912,6.032576442140628,5.846355034578607,1.5071593952113562,2.9999999999999987,26070.681422686204,1126276768.8663614,1.0462586765056066,-0.5736150870253475,2.970576348330721,1.4482258606103129,4.493181787319122,0.1630150382493713,0.0144320131036249,0.5153000194967104,0.57242595032419,4.084537975045419,5.7665318090308295
0036,38.78413100293725,9.845303818901458,8.775385119451956,2.227620689047495,3.4199999999999986,30465.16599845009,1126278620.3192918,6.039005704452853,-1.1870604019555615,0.6959583038808674,1.4201639061338511,5.9974784767758935,0.1238666963097443,0.0357041345550552,1.795753360709445,1.4203882527331788,0.538520517446863,4.79357378392963
0037,19.50154221921766,3.8176301430093225,6.4340320040427725,1.259528823085344,2.029999999999999,16233.924554430156,1126278488.82441,6.145598457355729,0.1782475022175089,0.2900755955190278,2.3937459027295915,3.1837754485478125,0.1938489930702704,0.040556430049167,2.809815302248234,2.051220695424469,5.812611441132596,1.540437435847484
0038,12.758935844243169,9.44034216322008,2.4723768871771563,1.829312730804299,4.1599999999999975,38462.02141045029,1126328093.146629,2.397530228312285,-0.0668064694741947,1.841143653818576,1.4602156859527924,0.0067632001599252,0.0768197548265837,0.0284414166552513,1.8853221459061356,1.898085936535972,1.470129830691559,5.955839538702729
0039,20.6519047824351,6.294013437005092,6.094125084226079,1.8572865588423488,2.389999999999999,19779.873823451824,1126335214.5479157,1.416269546491494,0.1355548763299072,3.100776865887756,0.7754450523978631,5.5625820405731,0.0242376674896823,0.028739877628828,2.200544591815805,2.067527376154102,5.315555714044608,4.035145393800209
0040,30.282433417686907,4.401780584513714,9.007466630907864,1.309303356989398,2.3699999999999988,19509.876276005285,1126330202.828338,2.174033444510988,0.6249767231776058,1.7394520556881783,0.4143496802221021,3.8335089214587783,2.5495619373110946e-08,0.0223889600888044,0.6018099350024686,1.4891251174886095,0.7106479384752065,2.342111189146132
0003,47.84325148785778,10.875024024238195,9.320083479092364,2.11850425276297,4.129999999999997,38164.22670450855,1126284190.928858,3.750526541264185,-1.233728112326038,1.825471641538176,2.564035374746801,3.92654001910537,0.1781485208100384,0.0228634184877563,1.7388575551170695,2.4830099600580597,1.8173549877227155,3.812234370372909
0041,18.33559447285716,3.843990187636504,4.852553978240744,1.0173201586099023,2.779999999999999,23747.395032070257,1126332750.6106682,1.836262937795535,0.2020559719229298,0.8514843735000743,2.1665228812521224,5.138643668484611,0.070573356800893,0.002872510819835,1.9471699113979195,3.090084100160678,1.3596352127748808,4.862847613237135
0004,19.95260307695196,4.587789578457699,6.498778102576086,1.494292566073656,2.069999999999999,16617.348634013768,1126341670.4338386,3.56261385882416,0.1679025737452523,1.3347582054122331,2.8405226293284445,3.6473331271287655,0.1537133812901967,0.0234063801279071,2.2416121727335656,0.7415609581149323,0.0715940670338415,0.543130356220134
0042,23.45032238355709,6.213936568792615,5.765805111898164,1.5278402849795163,3.0699999999999985,26744.85327186509,1126267642.3345685,1.9907252067157928,0.4663840426175207,2.955717407162512,1.2486634511325587,0.6034336147372827,0.0723984490210527,0.022095478799469,2.144150748976503,2.17247621714646,0.4649324800758095,0.3725390605683031
0043,14.863369036794111,5.081615349961234,5.959096492706742,2.0373467236315244,1.4899999999999993,11139.546543767858,1126273678.2327971,1.465030811642572,-0.1396468244964384,0.531847857171237,1.2000225445495398,1.1394013951653734,0.1191335228798051,0.0036079260574761,3.0499131195645126,2.493040408480188,5.784808561412884,2.973359002503537
0044,26.021942207137915,7.047661838199888,6.7814239407541095,1.83664932984126,2.8399999999999985,24353.196055366607,1126288864.9235785,6.26445144653108,0.3576150176851421,0.2128271642429098,2.4410491032326056,1.0589002174468154,0.1335863532136925,0.0372901450095424,1.264421219557713,1.39660157326561,5.140701351317171,5.711924002147157
0045,26.07275253203185,5.914964851720565,6.673536507424746,1.5139841422418163,2.909999999999999,25074.65437220968,1126325063.2702732,5.889767930072693,-1.1121452202666866,1.8658126711894825,1.9304863031188635,0.3606883748717724,0.0861446444823969,0.0463419296038874,2.51757138448991,1.1800625546634094,3.20750433604351,4.370012246226958
0046,35.64412234252116,7.271700206189003,7.284163267288002,1.4860304603282315,3.899999999999998,35552.90828668652,1126298436.3777375,2.4684281319717303,-0.2932964588785846,2.38416443981844,0.9477332618259784,3.195643862996985,1.9208849564882276e-10,0.0260787650859626,0.9402010137848492,2.3672398402811465,5.801584530462502,2.6759940190032405
0047,31.45233333363534,5.527694463596303,10.698956981193694,1.8803236199952795,1.939999999999999,15347.076517931197,1126314977.7080474,2.9250143187101068,-0.4413382227541916,0.6255445634773513,0.8487432903509674,1.8754925990287976,0.0856355818167144,0.036431967774009,1.24593195218578,1.1575603480486487,0.1279502210774434,3.8666185267836064
0005,17.608920277946215,5.849826009388506,5.7704389593957846,1.9169865827911672,2.049999999999999,16434.949961426864,1126286862.1698823,3.0345047540998635,-0.0784280164041335,0.9851170890431484,2.071004776472537,3.2952054164106155,0.0138531926651808,0.0133961296070733,1.7499134688242577,1.362999106438282,1.492795381736297,5.3212654508747
0048,59.63949106276964,7.814573277458202,9.732869841534107,1.2752996918867263,5.129999999999997,49187.38344704703,1126336032.0372615,4.241032962515571,-0.9274006621112414,2.8274781579312256,1.1277738741472585,1.1722379123335136,0.0040174072883985,0.007503861348276,2.899306104437623,2.003667134673917,0.7884013601866927,4.824916150007696
0049,47.4451823932324,12.776460423135529,5.759277209965896,1.5509093574375552,7.239999999999996,73405.29798770176,1126281087.0189626,1.5149430969653457,-0.6981050463558225,3.0756174633626405,2.9323896881461238,4.752849635869162,0.0028121881136193,0.0181055416122704,2.4656801527229235,1.8305317223703472,3.383866544686334,1.0243983791598237
0050,40.39420134397078,10.037189837402387,8.242208642760293,2.048031897509264,3.9099999999999984,35634.44026254109,1126322083.364581,5.397556315080615,0.9698631230309416,1.7378146578043363,2.522664091403529,2.767108199930833,0.0060560578837282,0.0041450096052457,1.347653068631262,1.239168761317058,1.2409132995752032,3.4812247956901348
0051,28.975481111713407,3.302667165630921,10.39040506912403,1.1843133691929857,1.7899999999999991,13896.122271400687,1126338314.972148,0.2299503177972961,0.0787689412238431,2.6083101413390595,2.582668159274463,4.0405551353432845,0.0747220446575368,0.031215523150089,1.339512819726011,0.7882228126435978,3.07505920190748,0.6279877594577722
0052,51.66695643049049,11.707662540800156,9.921748954908256,2.248254911916044,4.1999999999999975,38974.71202709061,1126263263.7290995,3.1006519337940364,0.4412270137087042,1.3576016504962332,2.980110667715881,3.639369424710526,0.1832739283363837,0.0484595833729333,0.6887793209237822,0.8551266393426211,4.626085168892938,5.752225180173691
0053,37.96999301344492,7.048904280023778,9.937775023160292,1.844889064632264,2.819999999999999,24183.05234408268,1126319685.0487542,4.390372770653954,0.98674023468889,2.7530620854184527,1.0723237307420046,2.0422320773464806,0.0107842507166053,0.0128315544758901,0.9783281466510392,1.223701834297268,0.3221053718112508,2.9216455259739003
0010,26.51875828214237,6.336319304658436,6.069322505780191,1.4501872580312267,3.3699999999999983,29930.24277825645,1126309896.183964,2.835343744014981,0.1107073625953562,1.4970875028278856,1.411551897711381,0.2214361002630943,0.4500558858691171,0.0277643023116026,1.6055576196660368,1.14621546742542,2.672128960719364,0.2051691695576198
0011,29.518614562410225,4.568371198165946,12.642773018642265,1.9566257082019007,1.3299999999999994,9692.948333058552,1126326599.5162349,1.7293226996268538,-0.7312367016106983,3.0323402463480718,2.413052274021882,5.57856869786472,0.0067361732218207,0.0461067293828437,1.957340284896868,1.1666425905075388,4.1684274366583,2.557541629379008
0054,73.96026262087209,8.912976747885534,10.936432510417022,1.3179532524085158,5.769999999999997,56373.14905635212,1126277751.1840286,0.5196408226806926,-0.2515701670878293,0.0327749860046544,0.9522629323792728,1.149511405029679,0.0009103460589203,0.0472724260203438,2.4344595660268427,2.429718195607772,1.7105792659715062,3.080091613329435
0012,22.964454906682324,3.2338172151838758,8.518191984061886,1.1995179503383315,1.6899999999999993,13017.065728468307,1126263952.286001,5.776700456824428,0.1941553616291285,0.6697825600788124,2.956771187674134,3.644793713790403,0.1462353399342573,0.0422660016583707,2.1588272475199446,1.9017481927141864,5.23335867439961,0.021899773472151
0055,28.360688973857048,4.891680893598165,7.587790052136142,1.3087498564256734,2.739999999999999,23326.76110070744,1126329868.9297104,2.2870537413587204,0.1671160135853638,3.0647388338878545,0.843311689949846,0.5172422776522834,0.0804462361582721,0.0454536775633351,1.4628459590627727,1.8102491104773888,2.573219544041373,4.417950130779844
0056,29.5071705714177,5.2904980306289655,9.352756598774503,1.6769056269562623,2.1599999999999993,17450.202804173274,1126261973.4803605,5.0105707172585765,1.339759697097943,0.4300143761348227,0.2601305102725325,3.714597914196671,0.4593957250528869,0.0196280425281702,2.3420652071519297,1.7591697057731477,6.13700254798264,3.823710401605663
0057,28.138559862371554,5.642092566329958,6.649842888881369,1.333367070458792,3.2299999999999986,28471.52257199104,1126328005.1409905,5.646182270589359,-1.10972543270758,0.4484807846994869,1.1173331925646013,5.4184676271038805,0.0333148518941903,0.0295684636324774,1.8177957351649303,1.6648752310193282,2.151142397934581,1.9218082431920451
0058,31.57591240055149,6.068309794879213,9.176144001763031,1.763486160550287,2.439999999999999,20306.02747085315,1126316197.1449497,3.690453436206544,-0.4931249846028669,2.468659800347708,1.6523207709168375,4.6076352103850144,0.0949145977701402,0.0319966165260862,0.5504420664320978,2.989847603339224,5.766401472981031,0.2902312257863714
0059,30.676286347836086,11.016731050915189,6.052412291989245,2.1735942113085063,4.069999999999998,37455.80894710731,1126307736.5568037,1.332473493182622,-0.7349663845984996,0.3320901611988852,0.5563924102299488,6.117342613263833,0.2022015962135325,0.0300494591069098,1.0366584961780752,1.2206867472854357,1.0850860892496332,2.8441869677981133
0013,13.282891727359925,6.819465907686167,4.547161639255193,2.3345228141675483,1.9199999999999993,15167.056047563436,1126345300.403288,6.152992311490624,0.6048779614514659,2.4962158252312574,2.2278311708085847,2.375102157937271,0.8771373103330936,0.0335159155015123,1.7958521032356818,2.3820845290766526,1.852059341467463,2.8924417840997063
0060,26.047770388845684,5.932092148089167,6.596876926459236,1.5023658928641852,2.949999999999999,25507.01522768908,1126301928.1317534,6.1116242867727255,-0.8173701210082929,2.727685216726969,2.463701129304072,2.3140650842290627,0.2211346324967676,0.0016892963256365,0.6394903855628861,2.0290685916564906,4.236852851819454,5.004921653600699
0014,38.23367659042728,6.53128047369793,9.85932406812004,1.6842223011870914,2.8799999999999986,24774.27095199533,1126338859.509601,4.287699893616256,-0.4789120030561196,0.7237194478504667,1.268009309532257,5.798597662570629,0.022998637271407,0.0271136625490291,2.1648866103549254,1.320212267834616,0.4248240493768937,4.561413882894049
0061,31.544295366778357,7.5419106577868735,6.961892127893695,1.664515495661442,3.5299999999999985,31652.418361527616,1126341780.862542,0.5125019243275764,-0.6727080409521401,2.536403900260758,2.3516909838383357,3.5014891774400634,0.00211447569213,0.0261345653046403,2.314181432004915,2.255986935537245,4.210051122986384,4.403287398629896
0062,34.5463696477399,7.755386758965212,8.982643242919801,2.0165323643842306,2.8499999999999988,24442.7910943921,1126302611.9104755,1.744792863161826,-0.6533220137966491,0.4549898347487626,2.58660471941782,2.460598422057513,0.3861294236642338,0.0448683179434556,1.1656688704163511,1.9522262647359163,1.186767712734326,1.7924515917777788
0063,32.422515966466136,5.991523346200478,8.848549547231496,1.6351689439241146,2.6699999999999986,22572.745070525736,1126287925.9041348,1.2093841431504606,-0.2934676923221799,2.7320190399528967,0.9259630515779916,1.1874973967361375,0.0183759357526115,0.0387409016845155,1.418002841012902,0.0920452167246311,2.637659893372674,2.902307569166482
0064,28.43098879200104,4.455325811571024,8.807569831084384,1.3802050112546458,2.229999999999999,18173.69842670057,1126270363.367181,3.2278696163887384,-0.0444779980138184,0.1477072639440636,1.433068548890191,6.229575646256246,0.0727884508376694,0.0196982860903506,1.6777180492615642,0.5442244019536279,5.984365426942819,6.177246643298185
0065,25.4998868252006,4.557075601521634,7.190162080730788,1.284951278948531,2.549999999999999,21372.99423888169,1126279357.6947162,1.0512599615506166,0.1926379905057916,1.9531228896675676,1.1619653349897847,1.7612834645858009,0.2073419159374445,0.0365808553590921,1.703638955049918,0.6560018405018103,3.6362310863398695,2.1381001803796176
0066,35.50724152202071,7.47150155553428,8.720475602260853,1.83497912635323,3.0699999999999985,26792.71125377829,1126298172.564881,3.561472416937442,-0.3137369711822575,2.527951003944967,2.4337477549090702,5.101508019786537,0.0475141952056606,0.0078839054626756,2.764895929108862,1.7511261298439351,1.5340007510435576,0.6557231786118876
0067,22.122049686081468,5.199955415455402,8.312552237206814,1.9539283943167032,1.6599999999999993,12691.110661756817,1126269885.1105645,2.548618877730369,-0.909608407833474,0.962590706689596,2.298111379278171,4.751675156672784,0.0916760522651577,0.0204210171020415,1.71490248888815,2.82713694918453,1.8773814937703472,4.159032749623224
0068,51.50280653352957,11.6728213947032,7.290456521730136,1.6523409614309603,6.089999999999996,59819.900451147216,1126283152.5265625,2.394367080639826,0.2343051600427414,0.2532943057708103,0.4430008247193842,6.20202920959392,0.1139753989357171,0.0361812084799176,0.7752370541184057,1.808578721659498,1.419008320553374,3.520126214580581
0069,21.4715018413,4.903785437432648,6.655657975296136,1.5200575580144693,2.219999999999999,18154.190046682223,1126279064.6043506,4.608016279544793,0.8786200049750605,3.041231008588645,1.7748411207739705,2.827364420452763,0.2436449195871205,0.0449002441085348,0.7020404653234643,1.1619128260313385,1.4626340370381063,2.153409039464393
0070,14.042248095352692,6.710695914321266,3.7025370381449223,1.7694175466622986,2.799999999999999,23892.294224148565,1126325770.191692,4.805119582113618,-1.2742752095727303,0.4047438852594589,0.842353677816411,1.5458006239122486,0.4970147924797444,0.0294812159344109,0.8908498376475507,0.7089225827055616,4.327450424687799,4.245339010019028
0071,35.29127930391104,8.53899069096809,8.147282688802358,1.971296377138105,3.3299999999999983,29530.95268893049,1126266220.813762,1.072198001469852,-0.4495651894033681,1.7778671106466517,2.297853738028361,3.005475250853232,1.614544289739038e-14,0.0301645949489554,1.1214875558679158,2.431152351466797,1.3128276886914878,0.3496159137034866
0072,29.35378888728036,10.1177367857343,5.541737037362988,1.910139672091531,4.269999999999998,39955.29787580753,1126273191.1619797,2.9283569285743343,1.0432596208689318,1.3748249507663983,3.0701250893620218,5.48699148633013,0.1763255821923439,0.0224889678022195,1.3401541012587432,0.4977432481517556,1.0210690596620484,2.042747480975552
0073,30.817905619842627,3.5626278611303355,9.176738934819651,1.0608542386624054,2.359999999999999,19473.15362629097,1126286594.4218152,0.7394459616656706,0.4614942363674322,1.6844304300252984,0.2046154954380256,2.623370161499321,0.1043552276501994,0.0162617804274694,1.7790709414270045,1.5472387900091424,0.2152805256975555,0.5030993884517392
0074,29.897224433059375,7.692574084002397,6.208491957275728,1.5974487678015328,3.8099999999999983,34710.633041909285,1126317570.695474,1.673277685947086,-0.0273932133793582,1.1893375203969143,2.333167979973423,5.941556795663026,0.2679786810668655,0.0259402097855989,2.560427595322213,1.9416828200541356,6.279842314934147,5.203259796046061
0075,25.6011007902528,4.741517002990036,6.191689589264649,1.1467476225050568,3.1399999999999983,27453.664291307097,1126276599.9667392,4.945608286641104,-0.7923221935979282,1.3041788814260675,0.220656141464555,5.325108171601983,0.0440132154707129,0.0051662417983685,3.0106517271785327,1.380653769120382,2.985484689664318,3.007389497665817
0076,16.893368935378426,3.786106907787544,6.353508671911658,1.423935223544204,1.6599999999999993,12668.79024030425,1126288966.400289,1.895331386627623,-0.6441949156699411,1.282737924648109,1.697539209193788,2.3618715281767537,0.0394681537819796,0.0075237321767111,1.6262523632801291,1.862241225305097,2.615532154589928,3.668535774495303
0077,34.92283399041124,5.266494373716028,13.540897790661312,2.042018183551828,1.5799999999999994,11923.194926817696,1126336684.0382693,1.9301750735487089,0.7085214043436155,1.8719050782323168,1.5362675781863664,1.3746128256811811,0.5622365305031081,0.0039440030505978,2.697062211171497,1.2902656379702442,3.8068849593858607,0.5816438942009732
0078,42.23492883685914,8.904676262191215,9.581090709946896,2.0200462830259998,3.4099999999999984,30342.909564924303,1126304117.3565583,1.2371655626471214,-0.3434535670586626,1.6695664110059314,3.07302979745949,1.2209865531599753,0.2446897881707185,0.0478625294514289,1.7801867046503124,2.2744940139943286,5.35833433651709,0.7462866925730656
0079,21.070348755742632,4.105491127773353,5.607381731829675,1.0925806789880883,2.759999999999999,23531.79944729153,1126293839.2929957,4.1357739343164885,1.1149933267146312,0.2774267968904385,1.7585119371020568,6.019544933086348,0.2919754955818882,0.0141107376481164,1.3472016295067657,0.425459673523225,4.1732654777302365,4.843401166044423
0016,15.980308694855449,2.3940037387137885,6.814114110773346,1.0208197456451784,1.3499999999999994,9785.830805466836,1126293206.9901893,1.899197411231549,-0.4776168685451271,1.0226389154477398,2.173290452216638,2.971702902706658,0.0924722578875497,0.0261119639421305,1.5822203203482836,1.5916348656105854,5.617288444051169,1.750459470256046
0080,26.25129202185993,5.057077349771462,5.252574270968676,1.0118616010057264,3.9999999999999982,36686.559492931054,1126341379.0904834,3.300843992956766,0.5542411007652719,1.551722333123391,1.1259716128190176,4.945919245072663,5.084437248768153e-15,0.0266841976210772,1.3148887619062506,2.16643621673784,1.536405439125909,3.7896252928481857
0081,30.540837351101523,5.49773769557434,7.484603817665125,1.347323522003337,3.0899999999999985,26884.625877026003,1126269556.8020074,5.709946473239443,-0.7031655541869642,0.7464384067008258,0.8757801573370423,1.0041170290078876,0.1030231242814363,0.0439465752806275,1.2921082179505046,0.9601481898910292,1.327319583207367,0.4300050275002604
0082,13.843658490245655,7.956335102371407,3.135556184774076,1.80209124314602,3.4099999999999984,30416.307075024037,1126333632.8848612,1.65178165601102,0.8752372746476241,0.1902609477919641,1.8036538499975836,1.0800013425633606,0.0115151857430569,0.0072451295183132,1.9984473968571463,1.983788373992232,3.5475364500221542,2.129886974016535
0017,13.750976304730244,3.830379488923801,5.758079549463937,1.603931918221056,1.3899999999999995,10172.623224785451,1126296225.9920545,5.626335301306495,0.4480071062545536,2.31792988863677,1.1209822744819822,5.166377255658606,0.0803941773563752,0.022776984348066,2.432938916675546,1.7762472855816431,1.8210894759081,4.086775961945301
0083,47.34040452256678,7.390080401079565,8.940657799375112,1.3956826233798891,4.299999999999997,39934.44097226997,1126283999.6111672,5.814581362105137,-0.0144486517899989,1.7899658830831144,2.642243678792341,3.536693898840815,0.0009359513515531,0.0266041563379947,2.462482058179541,1.677251120077124,2.3257931399253886,3.5321188583542638
0084,22.603043379071828,4.40328958443148,7.347870274888538,1.4314355861975518,2.079999999999999,16675.42189975229,1126285570.716055,4.844065095772973,-0.5400710834522287,1.5526250640497126,1.991676524940294,0.5402056013185524,0.0016542725776306,0.0076698769102002,2.096791609310433,1.68490324689902,2.060807851064569,5.841953847606478
0018,32.16133394642958,4.008941703680672,8.510039930594827,1.060784793148694,2.779999999999999,23754.37450959504,1126284924.057789,0.6000887622934554,-0.1807631268343027,0.2387725063310065,0.591606161027216,3.3676024307473265,0.1060660926117075,0.0096121338600114,1.7368447082437255,1.7986435175038962,1.1170193562544075,1.1821684777966563
0085,19.92871041107312,4.950821072024369,6.183699938694816,1.536195334674321,2.219999999999999,18121.72532207873,1126324052.041854,4.823913945481301,-0.9440634938558824,1.8701031207294712,1.9149330707936068,1.886145492343868,0.0343145572795137,0.0292721823767677,1.8743559357518929,2.0577296228485875,1.534261273120202,4.691637613565559
0086,26.18167415215278,5.967237000558895,7.516447093460877,1.7131227341760773,2.479999999999999,20731.89963692125,1126273365.2444482,2.402914551481866,-0.054535707611837,0.3333353306714033,2.254523540527668,0.1262132785029098,0.3223087064123334,0.0090265452564289,0.2772454946222881,2.286557389021233,4.21662301819268,2.4924048300104684
0087,39.3430192687051,7.453945548097924,6.239895960746876,1.1822134035910317,5.299999999999997,51184.76153465023,1126343897.0971322,0.6432895886027234,0.2694028819919534,2.966202157103825,0.2388309938017275,3.1734750117010715,0.2100705703271467,0.0316814337457503,1.2342920514631384,2.191219909488716,2.6894163375738427,5.426861188849089
0088,46.61300304870158,6.2734475497099735,8.869566298163381,1.193717532038588,4.259999999999998,39500.15246680962,1126325959.984887,5.359264991225934,0.5026546245646634,1.234877296861843,0.4367150931513545,5.349080483613526,0.1722254332839835,0.0314410180295859,1.534166137566523,0.5629159330971878,2.290798726722058,1.4759715541593457
0089,12.049809281430154,8.054986400001589,3.4246947711752638,2.2893200350055016,2.5199999999999987,21088.93146998801,1126316051.465934,5.171086649652807,-0.5214228241104445,2.891067997008956,2.481743420076058,2.060853073802921,0.3136061387414867,0.0312781196323682,0.7883540448679147,2.8090238062844897,4.106304401455578,4.321414256912693
0090,14.244585969189396,9.0651760969819,3.314342622806717,2.1092294003112757,3.2999999999999985,29173.032571159565,1126335115.264599,2.487801267303122,-0.1647170102515848,2.832790528921372,0.468876796698293,5.091514557563212,0.0924597778809709,0.043805782236652,1.8197092321013204,0.9084028093886378,0.5315826317667133,5.757029623457767
0091,34.41097228284543,5.825556009403142,7.109653905995329,1.2036186218863445,3.839999999999998,34975.47262883841,1126259956.8893466,6.051927764159844,0.8553734515821062,2.2593233228281986,2.7709645378971945,0.9990670483775272,0.0069192450757227,0.0473616355148515,1.9467002392344877,1.7954103254485705,5.232272006830484,1.9321132184377257
0028,53.16980442556796,6.30211055935324,15.813070689145764,1.8742916368137497,2.3699999999999988,19514.591360837185,1126305658.591354,5.174962205846004,0.3792302249039334,2.8421899813011926,0.1917500403948235,5.317012552047493,0.0093205000324284,0.017535614953135,2.915993188081534,1.0954088126969164,1.6907972705823398,2.968997552923283
0092,14.130642861060036,3.6738412823260913,7.249857033375519,1.88489825424539,0.9499999999999995,6362.494067777733,1126294865.1541164,2.319873915778899,-1.4078436990199477,0.1726561882206632,0.8243666034708013,4.201547088237176,0.3261411997803025,0.022025174920497,1.6052325003186982,2.533694811487158,3.953455151388241,0.5472995535617987
0093,38.35150743135394,4.493126532556516,10.725532161801905,1.256565291944225,2.569999999999999,21670.13324093096,1126308442.5176969,0.2002857860948369,0.6694199452948549,1.5750057462754723,1.4077454063000443,3.637839276148416,0.0905996449094389,0.0039069778514472,0.3109647502552851,1.800042906906095,5.099167559625702,1.3720652278965273
0094,42.65580330951153,8.05377174434679,10.584507897135492,1.99844344768809,3.0299999999999985,26356.79559522305,1126305148.163977,2.315272328138537,-0.4590342712832,1.0270925628137153,0.7458389855537112,0.4323157764259294,0.0006812151499778,0.0233085067431596,1.0581455913876965,0.7701156152750013,0.4670390472094023,1.57861667088712
0095,22.34760152405284,6.32081382094678,6.9525731935210375,1.9664714660968263,2.209999999999999,18037.519523389125,1126261874.167518,6.194307147192378,1.3482521798438305,2.503073299456917,1.519738807273879,5.531281440862723,0.2655807496376389,0.0137076748776599,2.314514221486321,0.9230506571562505,0.964887820875718,1.6241045873806936
0096,43.94405065437403,6.448211466859336,9.79522031311625,1.437319750976639,3.4899999999999984,31174.91428635959,1126281001.0560265,4.044273598271281,-0.6924906552242577,2.5048428534474825,2.319725064071628,5.068639755503241,0.1350409323323539,0.0171928024378773,0.2940034488999969,2.7754540772431,4.804047576547843,5.09759416311155
0097,34.73804492818957,13.510009877840517,4.219641368607236,1.641065197787435,7.239999999999996,73340.097975023,1126281305.6600256,4.633299504045585,0.3078963085792304,2.247679752895493,2.0861674018545067,2.203256147240242,0.1936655286132417,0.0084607028331811,2.267198238040283,0.742661539043509,4.307438843879135,1.8851495424074411
0098,36.99902700192982,5.142934766775853,7.899141369530641,1.097995597963093,3.689999999999998,33291.96277821361,1126306807.914255,3.2478301295979284,-0.7982026726176462,0.9765130035786512,0.6364204557178909,4.106767289425966,0.0073033855588921,0.0429070401370525,2.5818293597104125,2.296598588531998,0.7626776880735536,1.3840328062651028
0099,28.58348904489364,6.96955251052741,7.352179059909407,1.7926922057820929,2.889999999999999,24876.22725125439,1126302002.191328,0.1804631450355246,-1.358228532324089,0.2970025565501569,0.8500807990729379,5.834354366415347,0.0172121982186697,0.0264502309575828,1.954916170869485,0.2039900697338047,5.943876548681584,5.020593187226031
0100,19.5332582467394,3.866579628738084,5.581750286142407,1.104899227588098,2.4999999999999987,20896.21432216463,1126264430.7061718,6.0705246029975255,0.537521483273512,1.8671921930272364,0.4885706583162489,3.615241945669131,0.0496425883568329,0.0065062481566338,2.29221335205217,1.148901442439476,5.706018962187605,5.552492907721487
0101,23.234112298179085,3.8665037155812048,7.109292231628307,1.1830925354913495,2.269999999999999,18572.5345779506,1126261939.695796,0.6889184800355702,0.8241029897304357,2.6357669745524017,1.1200997166615836,5.669680552890742,0.1545415485658549,0.0126527841791904,1.181929265439364,1.6277050411565417,3.639044718711803,4.100380000398894
0102,35.25860341238468,8.455036544588708,8.206326458998808,1.9678825419185089,3.2999999999999985,29158.781436931666,1126338767.6617818,1.23972401790543,0.0816738012218642,2.6452547462285163,0.873281252337048,2.612472157673709,0.0505976754044187,0.0254516066842445,1.1323590665257612,1.9124006532658735,0.880538199170789,2.380728104949373
0021,10.808287976689886,4.436013537415204,5.9209144080708445,2.4301033174472204,0.8199999999999996,5358.1692202453605,1126314277.7332656,4.226944112461401,-1.008770036809817,1.4148831119723606,0.8062774800068342,6.053182947428705,0.0259684453938077,0.0472597675254107,1.6825625213874174,1.6615932808010976,0.211975913632253,4.6191715169157765
0103,82.33253843312887,8.233606649784496,11.353063098391878,1.1353549593064571,6.2499999999999964,61973.2599373151,1126320049.459291,0.8505826498182457,-0.1215827143277943,1.192472929771841,0.4503990307778131,2.865200511079867,0.1379973626776426,0.0132467456374447,0.3325560332665796,1.6396459855672054,0.7224500971428532,3.560677099719601
0104,18.639441562696163,6.920125422412892,5.286919034679401,1.962834706987403,2.5199999999999987,21160.64150007768,1126273471.7564604,3.0566037860718125,0.2058110129033529,2.141659534447474,0.7602628877810141,6.201500631756095,0.0203959267529517,0.0312990247105472,2.593151879070692,2.370811759794022,4.452868549613298,4.75858811116825
0105,31.024451966598804,10.170709530030486,6.357104687968467,2.0840421388565336,3.879999999999998,35411.06942834941,1126321322.6382744,3.0739794616216614,-0.6967891337450643,2.5672823317460973,0.7954444524290325,2.4661485572990225,0.02271520250058,0.0078487501660808,1.2321531311445302,2.364732827342938,6.158412362339368,5.06372888468637
0106,16.914394778400055,6.281069026124757,4.866241442883561,1.8070524426669297,2.479999999999999,20657.20474321454,1126293477.1763723,2.036460964853056,0.2338077664780126,0.2437569405498413,2.188723072696405,0.3893383570901156,2.25245026308884e-21,0.0334002163219391,2.679916478161947,2.051639940271274,5.622379769904733,5.377191560291092
0107,32.683042305889465,8.13828100090083,7.602650540553301,1.8931073145391968,3.3099999999999983,29184.031234664217,1126329597.91812,5.185235927758261,-0.5094853339375401,1.975353044616177,0.2411909950662027,1.436401327122833,0.2421224378439618,0.0405370864388623,1.7743462747517789,0.7711393981476623,2.9616811209911065,3.134104511428785
0023,25.420745295807347,5.863001477842524,6.57427613824587,1.5162809062343905,2.8699999999999988,24658.025094314093,1126259808.7567754,2.2372623729096235,1.001869158224243,2.109278531729412,2.982303759405753,3.052513882994197,0.3750747313965686,0.0125760710916235,1.1404647192277355,1.4120889143559183,1.8397769112375204,2.387616352215006
0108,33.644258161000266,6.971536578916857,6.91310292004283,1.4324866267006038,3.8699999999999983,35264.41726884288,1126268068.464326,4.859348640732732,-0.5923155356056032,0.4408912257118249,0.6324437023436134,3.9372936759852704,0.0385317220240211,0.0452770066900685,1.051177993655135,2.681937616210506,2.365343754271987,4.788633654835045
0109,18.375859522266392,2.6524280298168104,7.567010869109419,1.092245601183113,1.4299999999999995,10538.01067492913,1126261626.5014095,2.2417154497470198,-1.377506373237758,2.8439677845708347,0.3142120960529805,1.174566553715906,0.1704563318212608,0.0232247786838368,0.4823599176232099,1.2417416719165646,2.105542854698739,0.5714964102898642
0110,47.32575344333964,12.75028557150488,7.272513874007334,1.959327046474621,5.529999999999997,53473.05587077321,1126270368.8258567,2.839681788032264,1.213365643888496,2.991918968013716,0.9307860604384128,5.693854943297067,0.1383304746834044,0.0248609281965789,2.2066007090459885,1.3522301896307765,5.036922757887178,2.10866606798992
0111,16.06268914146407,2.9069881565269404,5.609136070608094,1.0151284123101425,1.8599999999999992,14613.470700985456,1126298980.8710394,4.847622359178017,-0.5142420044409376,1.5990335515926082,0.597738514001259,1.3670917239859033,0.149500847447239,0.0378123903312045,2.842982903546351,2.826025202103629,0.8329082785653118,3.504364600838472
0025,23.05737085310868,5.705372894791265,8.010423087219765,1.9821189089072588,1.8799999999999992,14755.280195336436,1126313913.6494474,6.070858083366209,0.3505987278205104,0.0595632589680702,0.9928977835705038,5.356657431563415,0.2651135910980238,0.0429048331291018,2.140382726815681,1.276714038850121,5.0104821929897225,6.118585320022227
0112,43.430471553065736,5.8894094170953455,8.024833403613894,1.0882112887058624,4.419999999999997,41222.160186827336,1126298581.7934854,2.116685800043661,0.6493989668383243,1.253264904083929,1.7231333271318694,4.732539029312226,0.1162649578387061,0.0408290633251547,1.5109747228737571,0.5801290999759788,1.2902292883356634,2.688944240927978
0113,17.77420242301962,5.795898047033838,6.790241191300003,2.214194748259111,1.6099999999999994,12282.21797620718,1126306869.0306606,3.627266187741264,-0.0359332395451852,1.5744800058173565,1.0602678471055231,3.449273856986768,0.0714252479910868,0.0161249100152171,2.1886182864966885,1.7063017594375012,3.6254467388345177,4.475011510742629
0114,39.44053594322317,13.647709862454102,6.054180456159752,2.0949435991324403,5.499999999999997,53553.664192582815,1126323518.5559456,4.514301488447234,-0.8866606488180264,2.947205410798585,1.692900475283284,5.559234219963401,0.3869662077023368,0.037443824265046,1.565309962904586,2.158987783216505,0.2589112300894345,0.7477649051181433
0115,84.42616825534473,13.664656484879927,9.968103082030472,1.6133706792170597,7.489999999999996,76115.5580816401,1126340871.405269,3.194224586970048,0.3547520532914176,2.609032269419029,0.3042075574701129,3.0373294242971345,0.0033344044898949,0.0404147862820565,2.3374106879217216,1.0541593277062944,4.459375125819653,5.730286494112544
0026,42.47461037816976,6.884926936736748,11.299676778061082,1.8316224288587288,2.759999999999999,23545.318354401657,1126324748.1059847,4.819274109214188,-1.186138378032913,2.873776575369577,1.797750183016854,0.851928847552448,0.2669969857792066,0.0489908732902779,1.230342423645533,2.0103574749048967,0.6112291420688575,5.663522654368087
0116,41.245286291123534,7.670374708200932,10.01112077394115,1.86176541588727,3.1199999999999988,27298.2568342794,1126261508.201219,3.270648437404552,-0.2998269459167225,0.9863605943363158,1.0020426275698326,6.182106232111907,0.0697120552304758,0.0306461148925183,1.761178964538059,2.357689235255691,2.484002334126356,3.394345170089689
